Number_of_Riders,Number_of_Drivers,Location_Category,Customer_Loyalty_Status,Number_of_Past_Rides,Average_Ratings,Time_of_Booking,Vehicle_Type,Expected_Ride_Duration,Historical_Cost_of_Ride,adjusted_price,revenue
90,45,Urban,Silver,13,4.47,Night,Premium,90,284.25727302188227,2.0,26.0
58,39,Suburban,Silver,72,4.06,Evening,Economy,43,173.87475274940766,1.0,72.0
42,31,Rural,Silver,0,3.99,Afternoon,Premium,76,329.7954689622466,2.0,0.0
89,28,Rural,Regular,67,4.31,Afternoon,Premium,134,470.2012317513198,1.0,67.0
78,22,Rural,Regular,74,3.77,Afternoon,Economy,149,579.6814223640141,2.0,148.0
59,35,Urban,Silver,83,3.51,Night,Economy,128,339.9553606047221,2.0,166.0
93,43,Suburban,Regular,44,4.41,Afternoon,Premium,16,104.06154127359152,2.0,88.0
62,39,Rural,Gold,83,3.59,Afternoon,Premium,47,235.81186355605,1.0,83.0
79,14,Rural,Silver,71,3.74,Evening,Economy,128,501.4125174833056,2.0,142.0
42,6,Rural,Silver,21,3.85,Night,Premium,128,398.9933645706103,1.5,31.5
86,17,Urban,Regular,99,4.69,Morning,Economy,167,669.2986264658781,1.0,99.0
60,38,Rural,Gold,15,4.14,Evening,Premium,144,414.9901047325251,2.0,30.0
24,8,Rural,Gold,50,4.12,Morning,Economy,164,490.41072171830416,1.0,50.0
36,24,Suburban,Silver,88,4.22,Night,Premium,83,296.24287599192223,2.0,176.0
63,13,Rural,Regular,74,4.95,Afternoon,Premium,102,327.0888648717375,1.5,111.0
39,12,Urban,Silver,30,4.51,Afternoon,Premium,140,445.1368684239125,1.5,45.0
38,28,Rural,Silver,35,3.93,Afternoon,Premium,54,244.5361718306458,1.5,52.5
46,14,Suburban,Silver,21,4.71,Afternoon,Economy,15,47.31430863361691,2.0,42.0
33,7,Suburban,Gold,49,4.31,Evening,Premium,22,129.8082629093964,2.0,98.0
31,7,Suburban,Silver,24,4.82,Evening,Premium,87,382.9481103198511,2.0,48.0
96,45,Urban,Regular,6,4.95,Afternoon,Premium,11,82.77279318243978,2.0,12.0
22,11,Suburban,Silver,79,4.48,Night,Economy,15,64.07117255500656,1.5,118.5
74,16,Rural,Regular,6,3.97,Morning,Economy,139,390.6687658288554,2.0,12.0
24,12,Urban,Regular,10,3.6,Evening,Premium,45,212.1665249737545,1.5,15.0
48,19,Suburban,Gold,72,3.81,Night,Premium,65,235.65813370551408,2.0,144.0
56,13,Rural,Regular,36,4.81,Evening,Economy,162,406.5574980533908,1.5,54.0
72,33,Rural,Gold,66,4.39,Morning,Premium,30,182.4744270596517,2.0,132.0
97,75,Urban,Silver,76,4.7,Night,Economy,158,652.617297300081,1.5,114.0
62,33,Suburban,Regular,39,3.91,Evening,Premium,129,403.22709836941993,1.0,39.0
57,38,Suburban,Silver,54,4.1,Night,Premium,131,537.7848594528473,2.0,108.0
25,7,Suburban,Silver,13,3.99,Morning,Premium,81,286.13145256368455,1.0,13.0
75,56,Suburban,Gold,94,4.79,Evening,Premium,153,485.0546633356366,1.0,94.0
39,9,Urban,Gold,39,4.64,Afternoon,Premium,48,171.0859835160851,1.0,39.0
35,24,Suburban,Gold,73,3.76,Evening,Premium,105,485.8784537318511,1.0,73.0
68,32,Suburban,Regular,34,3.58,Morning,Economy,77,294.7328864777875,1.0,34.0
96,43,Rural,Silver,97,3.68,Morning,Premium,91,392.83872040801793,2.0,194.0
28,11,Suburban,Gold,52,4.33,Afternoon,Premium,94,456.1809467866996,1.0,52.0
25,15,Rural,Gold,65,4.88,Evening,Premium,101,502.5293207873477,1.0,65.0
28,6,Suburban,Regular,2,4.29,Morning,Economy,89,244.21766165291973,1.5,3.0
73,17,Rural,Regular,14,4.81,Evening,Premium,170,634.7265312250814,1.5,21.0
36,18,Urban,Silver,88,3.73,Night,Premium,92,345.40676830595487,1.0,88.0
56,10,Urban,Silver,55,4.5,Night,Economy,45,151.15212964816465,1.0,55.0
97,81,Suburban,Regular,52,4.56,Evening,Economy,125,530.7599938912294,2.0,104.0
63,9,Rural,Regular,89,3.87,Afternoon,Premium,166,482.85016419959805,1.0,89.0
78,33,Urban,Silver,35,4.46,Morning,Premium,116,355.9595074862448,1.0,35.0
29,10,Suburban,Regular,25,3.77,Afternoon,Economy,91,303.9609626071891,1.0,25.0
73,33,Suburban,Silver,60,3.88,Night,Premium,161,514.8771742414517,1.5,90.0
94,29,Urban,Regular,67,3.59,Evening,Premium,96,361.13235495172165,1.0,67.0
54,28,Suburban,Silver,83,4.49,Night,Economy,32,80.26246462184758,1.0,83.0
67,6,Rural,Gold,15,3.53,Night,Economy,123,420.6239113101238,1.5,22.5
23,8,Urban,Silver,27,4.73,Afternoon,Economy,117,520.8926706123274,2.0,54.0
70,14,Urban,Silver,16,4.3,Morning,Economy,53,183.07579104191225,2.0,32.0
20,10,Rural,Silver,70,4.92,Evening,Economy,65,190.13746358777752,2.0,140.0
95,84,Suburban,Gold,18,3.86,Afternoon,Premium,112,522.3021028701461,2.0,36.0
43,16,Urban,Silver,40,4.89,Night,Premium,106,410.6863449474928,1.0,40.0
97,55,Suburban,Silver,94,4.62,Evening,Premium,150,584.9958711291002,2.0,188.0
32,20,Rural,Silver,44,3.55,Night,Economy,68,301.62262644973293,1.0,44.0
95,25,Suburban,Regular,72,4.16,Morning,Premium,128,413.5870840445325,2.0,144.0
47,15,Urban,Gold,14,4.84,Night,Economy,89,273.11810461931896,1.5,21.0
25,11,Rural,Silver,33,3.85,Night,Economy,94,247.1745626508575,2.0,66.0
37,22,Rural,Regular,76,4.72,Afternoon,Economy,69,213.4432507972432,1.5,114.0
59,39,Suburban,Gold,49,3.78,Morning,Premium,98,295.79438015283176,2.0,98.0
42,20,Urban,Silver,88,4.64,Night,Premium,29,145.0698091748401,1.5,132.0
53,11,Rural,Regular,2,3.5,Afternoon,Premium,81,297.0186264188845,1.0,2.0
79,64,Rural,Regular,91,4.57,Night,Economy,164,666.6870291344428,2.0,182.0
59,23,Urban,Gold,41,4.97,Evening,Premium,91,449.5456339145253,1.5,61.5
40,29,Urban,Regular,72,4.3,Afternoon,Economy,147,624.9860100296204,2.0,144.0
76,40,Suburban,Silver,77,4.17,Morning,Economy,28,96.03520851587072,2.0,154.0
41,26,Urban,Regular,96,3.91,Night,Economy,169,637.7593915947267,1.5,144.0
83,14,Urban,Regular,80,4.77,Night,Premium,64,295.5887110300315,1.0,80.0
44,17,Rural,Regular,15,4.0,Evening,Economy,98,353.33854512223814,1.5,22.5
91,73,Urban,Gold,61,4.39,Night,Economy,15,62.25429041832141,2.0,122.0
54,16,Suburban,Regular,8,4.5,Afternoon,Premium,67,266.0685899337195,2.0,16.0
59,37,Rural,Silver,86,4.67,Night,Premium,95,340.1282671016029,1.5,129.0
72,43,Suburban,Gold,28,4.87,Afternoon,Economy,132,443.258155352454,2.0,56.0
47,9,Rural,Gold,49,4.44,Evening,Economy,96,265.05527443495566,1.0,49.0
32,22,Rural,Silver,49,4.65,Night,Economy,60,221.4343854791753,2.0,98.0
45,13,Rural,Regular,96,4.84,Night,Economy,112,393.2308288248255,2.0,192.0
72,45,Urban,Silver,82,4.42,Night,Premium,40,151.58040412487964,1.5,123.0
56,15,Urban,Gold,34,4.72,Night,Premium,78,313.9950046053331,2.0,68.0
42,22,Rural,Silver,67,3.81,Afternoon,Premium,82,366.1515260551269,1.0,67.0
52,14,Suburban,Silver,87,3.54,Afternoon,Premium,98,425.97356882411634,1.5,130.5
81,23,Urban,Gold,39,4.3,Evening,Economy,143,359.0531279855558,1.5,58.5
77,25,Rural,Regular,70,4.27,Afternoon,Premium,52,260.34417984860374,2.0,140.0
27,6,Urban,Gold,2,4.42,Night,Economy,86,320.30170917475425,1.5,3.0
74,34,Rural,Regular,18,4.66,Morning,Premium,140,454.49212153190336,1.0,18.0
92,69,Urban,Silver,88,4.69,Afternoon,Economy,18,45.11502370436019,2.0,176.0
77,34,Rural,Gold,33,4.13,Night,Premium,48,223.6621142931812,1.0,33.0
66,6,Rural,Regular,23,4.2,Evening,Economy,45,173.1577542620492,1.5,34.5
77,39,Urban,Regular,23,4.29,Morning,Economy,167,592.240499627505,2.0,46.0
35,16,Urban,Regular,31,4.75,Afternoon,Premium,113,379.3078104185831,1.5,46.5
48,38,Rural,Gold,40,3.7,Evening,Premium,80,360.7111703191874,2.0,80.0
61,18,Rural,Gold,84,3.93,Evening,Premium,58,203.49261837786293,2.0,168.0
71,21,Suburban,Silver,82,4.88,Afternoon,Premium,126,553.5451307734787,1.5,123.0
95,7,Rural,Gold,40,4.68,Evening,Economy,95,283.46644254307614,1.0,40.0
76,44,Suburban,Gold,20,3.56,Afternoon,Premium,105,435.14534513079855,1.5,30.0
32,13,Suburban,Regular,21,4.64,Afternoon,Economy,156,685.7681264991488,1.0,21.0
49,30,Rural,Silver,57,4.83,Evening,Economy,154,630.8608868741742,1.0,57.0
38,17,Urban,Silver,92,4.41,Afternoon,Premium,138,546.1568747653598,2.0,184.0
92,35,Suburban,Regular,46,4.72,Morning,Economy,45,115.35700254441711,1.0,46.0
40,29,Suburban,Silver,26,4.26,Night,Economy,152,404.0498951423794,1.0,26.0
55,42,Suburban,Silver,24,4.49,Afternoon,Economy,45,156.03832988580584,2.0,48.0
58,34,Rural,Gold,19,4.55,Morning,Premium,131,501.26295506529306,1.5,28.5
34,5,Urban,Regular,26,4.85,Evening,Premium,152,562.4369764527329,1.5,39.0
70,47,Suburban,Silver,3,3.66,Morning,Premium,53,216.8024750869831,1.5,4.5
51,24,Rural,Gold,25,4.68,Afternoon,Premium,16,120.09069016935676,1.0,25.0
88,56,Rural,Regular,11,4.36,Afternoon,Economy,60,221.1576532597614,2.0,22.0
25,8,Suburban,Silver,83,3.53,Evening,Economy,121,492.7012709061221,1.0,83.0
34,19,Rural,Regular,51,4.2,Night,Premium,166,754.2344800100251,1.5,76.5
40,15,Urban,Regular,90,3.62,Night,Premium,42,211.52772882563164,1.5,135.0
26,7,Suburban,Gold,58,4.91,Afternoon,Economy,161,460.75927538572495,1.0,58.0
81,42,Suburban,Regular,88,4.14,Afternoon,Economy,47,164.10747354764283,2.0,176.0
80,56,Suburban,Gold,63,4.57,Night,Premium,43,213.6962129956236,1.5,94.5
64,19,Rural,Gold,86,4.68,Night,Premium,171,732.9893961300692,1.5,129.0
45,18,Rural,Gold,68,4.07,Morning,Economy,136,350.6012026111729,1.0,68.0
84,49,Urban,Regular,32,4.25,Night,Premium,53,192.8798062051633,2.0,64.0
34,16,Urban,Silver,47,4.12,Evening,Economy,93,294.11580585015537,1.5,70.5
67,32,Suburban,Regular,40,4.47,Afternoon,Premium,13,82.52418774801069,1.0,40.0
93,23,Suburban,Silver,34,4.23,Evening,Premium,125,386.169069413996,1.5,51.0
100,51,Urban,Silver,56,3.58,Night,Economy,89,310.9003272621974,1.5,84.0
35,22,Suburban,Gold,15,4.23,Morning,Premium,120,373.96284065200393,2.0,30.0
36,13,Rural,Silver,31,4.71,Night,Economy,71,221.5511001313172,2.0,62.0
28,18,Suburban,Regular,100,3.7,Afternoon,Economy,127,531.1127009643968,1.0,100.0
21,9,Urban,Gold,10,3.88,Morning,Premium,108,324.9426389036563,1.5,15.0
26,15,Urban,Regular,35,5.0,Morning,Premium,161,493.4068923175674,1.5,52.5
97,21,Suburban,Regular,59,3.87,Evening,Premium,174,778.6333560141928,2.0,118.0
26,15,Urban,Silver,10,3.71,Morning,Premium,171,720.1572085631501,1.0,10.0
91,56,Urban,Gold,17,4.66,Night,Economy,10,38.23523523879646,1.5,25.5
65,48,Rural,Silver,12,4.37,Afternoon,Premium,140,573.5891064527985,1.5,18.0
88,28,Urban,Gold,22,4.99,Night,Premium,154,682.016246966075,2.0,44.0
82,13,Suburban,Gold,32,3.58,Night,Economy,148,516.4367273015673,1.5,48.0
65,40,Urban,Silver,48,3.59,Evening,Economy,121,492.5196024192815,1.5,72.0
41,6,Urban,Silver,56,4.32,Night,Economy,11,49.234784001519046,2.0,112.0
85,36,Rural,Silver,64,4.32,Evening,Economy,152,506.6928860981053,1.0,64.0
35,13,Rural,Silver,80,3.8,Afternoon,Economy,93,304.3133394836575,1.5,120.0
83,29,Urban,Silver,78,4.42,Afternoon,Premium,23,111.179341237614,1.5,117.0
91,31,Urban,Regular,12,4.39,Night,Economy,39,163.21458328772866,1.5,18.0
44,28,Rural,Regular,31,4.92,Night,Premium,132,402.856989480614,1.5,46.5
96,12,Suburban,Gold,15,4.97,Night,Economy,90,289.2351908680133,2.0,30.0
77,46,Suburban,Regular,97,4.2,Afternoon,Premium,25,150.53929481479082,1.5,145.5
91,80,Rural,Gold,74,4.74,Night,Economy,46,194.93555934032696,1.0,74.0
93,42,Rural,Silver,75,4.66,Morning,Economy,160,674.6485035775572,2.0,150.0
41,9,Rural,Silver,73,3.51,Morning,Economy,150,551.5572340398235,1.5,109.5
61,44,Suburban,Regular,69,4.54,Afternoon,Economy,52,132.2147645898824,1.5,103.5
83,10,Urban,Gold,28,3.91,Afternoon,Economy,23,70.11182411078714,2.0,56.0
59,22,Rural,Regular,79,4.38,Morning,Premium,93,346.2847096470098,1.5,118.5
42,31,Suburban,Gold,62,4.95,Night,Premium,13,102.04473025177862,1.0,62.0
81,16,Suburban,Regular,73,4.89,Night,Economy,125,494.1401793052489,1.5,109.5
72,19,Rural,Gold,89,4.74,Morning,Premium,45,183.658314681842,1.5,133.5
43,9,Rural,Silver,2,4.12,Morning,Economy,126,436.5576476487414,2.0,4.0
74,33,Urban,Silver,82,4.13,Afternoon,Economy,10,31.362081322241885,2.0,164.0
68,45,Rural,Silver,65,4.19,Evening,Economy,112,323.4791093139413,1.5,97.5
36,13,Urban,Silver,84,4.88,Evening,Premium,140,505.3840569466695,1.5,126.0
51,5,Urban,Gold,0,4.59,Afternoon,Premium,92,320.8576215627125,1.0,0.0
63,23,Urban,Silver,48,4.09,Evening,Economy,49,214.5660524456202,1.5,72.0
96,29,Urban,Regular,84,3.65,Night,Economy,176,758.5015334295354,1.0,84.0
94,59,Suburban,Regular,84,4.38,Morning,Premium,175,665.7295341217325,1.0,84.0
74,32,Suburban,Regular,2,4.7,Evening,Premium,38,171.06636292972274,1.5,3.0
91,13,Rural,Silver,32,3.6,Morning,Premium,160,647.3526381087524,1.5,48.0
69,12,Suburban,Regular,42,4.34,Afternoon,Premium,158,608.1282399929386,1.5,63.0
51,20,Rural,Silver,57,3.68,Night,Economy,67,246.92292493661097,1.0,57.0
45,17,Rural,Gold,10,4.93,Night,Premium,148,430.0665305032927,2.0,20.0
92,34,Suburban,Regular,98,3.99,Night,Economy,140,396.6387527092545,1.0,98.0
69,36,Suburban,Gold,55,4.74,Morning,Economy,109,436.0114486061054,2.0,110.0
56,14,Suburban,Silver,30,3.67,Night,Economy,48,202.9454568505992,2.0,60.0
43,26,Rural,Regular,59,4.91,Afternoon,Economy,175,731.7816872483901,2.0,118.0
86,48,Urban,Silver,37,4.15,Night,Economy,84,216.05054809363543,1.0,37.0
61,34,Urban,Gold,82,3.99,Night,Premium,10,83.86835620425342,1.5,123.0
50,36,Suburban,Gold,18,4.61,Night,Economy,145,572.2420492964254,1.5,27.0
73,34,Urban,Regular,95,4.31,Morning,Premium,21,118.8070474355678,1.5,142.5
76,7,Urban,Gold,76,4.35,Morning,Economy,72,245.8935711917164,1.0,76.0
87,41,Urban,Regular,87,4.36,Night,Economy,87,387.1117403297744,1.0,87.0
53,33,Rural,Regular,40,3.8,Morning,Premium,139,507.9505746530285,1.0,40.0
71,8,Suburban,Silver,57,3.68,Night,Economy,75,249.302974601016,1.0,57.0
32,5,Rural,Gold,80,3.55,Night,Economy,14,45.91711193197189,2.0,160.0
91,30,Suburban,Gold,34,3.69,Afternoon,Economy,96,424.6120578300381,1.5,51.0
47,37,Suburban,Gold,64,3.75,Morning,Economy,31,85.97357530080251,1.0,64.0
23,13,Rural,Silver,42,4.55,Night,Economy,87,328.9669925908357,2.0,84.0
57,20,Rural,Regular,92,3.74,Morning,Economy,53,172.62943414987132,1.0,92.0
48,17,Suburban,Silver,2,4.09,Evening,Economy,85,261.9435328532634,1.0,2.0
22,5,Urban,Gold,39,4.92,Evening,Economy,56,199.0416803252397,1.5,58.5
60,19,Urban,Silver,37,4.22,Evening,Economy,68,232.2834549147445,1.0,37.0
94,42,Rural,Regular,0,4.23,Morning,Premium,36,185.311838106628,1.0,0.0
43,6,Suburban,Silver,34,4.4,Morning,Premium,24,153.76143970087224,2.0,68.0
97,18,Suburban,Regular,53,4.25,Night,Premium,26,126.4771352873347,1.5,79.5
47,17,Rural,Silver,7,4.8,Morning,Economy,173,609.5038276051239,1.0,7.0
39,28,Urban,Silver,72,3.76,Afternoon,Premium,87,287.1624375675698,1.5,108.0
50,39,Suburban,Regular,94,3.81,Evening,Premium,139,406.32480651562713,1.5,141.0
35,17,Urban,Regular,78,4.4,Evening,Premium,61,249.03711265544783,2.0,156.0
28,8,Suburban,Regular,69,3.86,Evening,Premium,175,620.9016915662245,1.5,103.5
51,32,Rural,Regular,98,4.44,Morning,Premium,51,267.0607016773296,1.0,98.0
54,12,Suburban,Silver,84,4.98,Evening,Premium,172,715.7547930992089,1.0,84.0
65,10,Urban,Regular,77,4.36,Afternoon,Economy,170,430.385487919734,2.0,154.0
61,26,Rural,Gold,21,3.85,Morning,Premium,126,604.273047008686,1.0,21.0
46,9,Suburban,Silver,67,4.22,Evening,Premium,47,243.5250631593867,2.0,134.0
73,50,Urban,Regular,7,4.22,Night,Economy,45,176.2144067384048,1.5,10.5
86,49,Urban,Regular,99,3.51,Night,Economy,130,471.4796320940979,1.0,99.0
75,7,Suburban,Gold,100,4.13,Morning,Economy,134,453.3769493913552,2.0,200.0
39,29,Suburban,Silver,12,4.24,Evening,Economy,97,251.1073064574406,1.5,18.0
33,6,Rural,Gold,90,4.81,Night,Premium,139,521.8019208244536,2.0,180.0
40,29,Suburban,Silver,6,4.94,Night,Premium,71,346.4926515319707,2.0,12.0
54,35,Suburban,Silver,66,4.4,Night,Economy,77,234.0714535105622,1.5,99.0
53,26,Urban,Gold,54,4.6,Night,Premium,52,184.0244513007148,1.5,81.0
81,34,Urban,Silver,98,3.55,Afternoon,Premium,164,554.8869659163038,1.0,98.0
45,20,Urban,Regular,80,4.73,Morning,Economy,63,192.61977241404605,2.0,160.0
20,9,Urban,Silver,77,3.91,Evening,Economy,89,227.796524806166,1.0,77.0
47,22,Rural,Silver,11,4.8,Afternoon,Premium,119,416.601648993299,1.5,16.5
33,18,Urban,Gold,90,3.61,Evening,Premium,146,671.7128294096442,1.5,135.0
78,57,Rural,Silver,5,4.82,Morning,Premium,127,552.6397714448676,2.0,10.0
26,12,Rural,Silver,9,3.75,Afternoon,Economy,115,321.37240510655704,1.0,9.0
62,21,Rural,Regular,61,4.57,Night,Economy,56,215.4338699200544,1.5,91.5
84,59,Suburban,Silver,67,4.27,Morning,Premium,164,758.9961232252967,2.0,134.0
49,8,Urban,Regular,1,4.06,Afternoon,Premium,157,694.4247148756359,1.5,1.5
34,22,Suburban,Gold,34,3.64,Morning,Economy,176,617.3632185255483,1.5,51.0
49,30,Rural,Silver,86,3.62,Afternoon,Premium,69,328.63536897966003,1.5,129.0
83,50,Rural,Regular,7,3.66,Evening,Premium,100,376.3000600585162,2.0,14.0
88,5,Urban,Silver,89,3.59,Night,Economy,27,70.20380336705749,1.0,89.0
90,71,Suburban,Gold,88,3.84,Morning,Economy,167,451.6848649701074,1.0,88.0
65,5,Rural,Silver,24,3.54,Night,Economy,119,301.40392677127403,2.0,48.0
73,28,Urban,Silver,22,4.57,Afternoon,Economy,53,153.39607111804412,1.0,22.0
85,62,Suburban,Silver,54,3.78,Morning,Economy,114,339.66230419418656,2.0,108.0
65,27,Rural,Gold,62,3.54,Night,Premium,162,733.4425366578176,1.0,62.0
74,42,Urban,Gold,88,3.5,Evening,Economy,77,203.8363809804033,1.0,88.0
41,7,Rural,Gold,68,4.3,Evening,Premium,66,284.5088586099128,2.0,136.0
79,23,Urban,Gold,88,3.88,Night,Economy,164,492.1134583590864,1.0,88.0
53,7,Urban,Silver,64,4.55,Night,Premium,10,86.19117981050438,2.0,128.0
35,14,Urban,Silver,74,5.0,Night,Premium,175,727.8809447636283,1.5,111.0
53,40,Rural,Gold,79,3.66,Evening,Premium,30,158.65264164620277,2.0,158.0
36,23,Urban,Silver,42,4.66,Morning,Economy,14,44.52503661261306,2.0,84.0
38,25,Urban,Regular,2,4.24,Morning,Premium,128,452.4258268814717,1.5,3.0
52,36,Rural,Silver,1,4.52,Morning,Premium,36,152.64047921471024,1.5,1.5
91,64,Suburban,Regular,26,4.56,Morning,Premium,96,420.2245689053783,1.5,39.0
87,5,Urban,Silver,59,4.32,Night,Economy,42,151.35930066309265,1.0,59.0
96,20,Suburban,Gold,88,3.6,Evening,Premium,71,242.27196569085137,1.5,132.0
83,59,Urban,Gold,8,4.85,Morning,Economy,31,119.0485543701777,1.5,12.0
48,23,Rural,Gold,0,4.46,Afternoon,Economy,174,472.56954081275165,2.0,0.0
65,19,Suburban,Silver,24,4.59,Evening,Economy,96,334.6493506052282,1.0,24.0
79,29,Suburban,Silver,0,4.86,Morning,Economy,127,406.0855256604135,1.0,0.0
100,22,Suburban,Silver,45,4.23,Night,Premium,141,551.365137615676,2.0,90.0
73,63,Suburban,Silver,25,4.19,Afternoon,Economy,129,534.0181945871103,1.5,37.5
79,67,Rural,Gold,56,4.01,Evening,Premium,151,501.2363000548165,1.5,84.0
88,55,Rural,Regular,56,4.0,Night,Premium,26,159.60691863182956,2.0,112.0
76,34,Suburban,Silver,10,4.92,Morning,Economy,103,359.8010509571677,1.5,15.0
49,30,Suburban,Silver,80,3.74,Night,Economy,85,348.6695624527248,2.0,160.0
100,64,Rural,Regular,7,4.89,Night,Premium,115,490.5040759704239,1.0,7.0
87,26,Rural,Gold,63,4.2,Morning,Premium,118,485.683239513509,2.0,126.0
22,5,Rural,Silver,93,4.85,Evening,Economy,99,424.9275101964327,1.0,93.0
21,11,Rural,Silver,23,3.76,Afternoon,Economy,12,40.442890652890384,1.0,23.0
93,57,Suburban,Regular,34,4.89,Morning,Premium,80,258.424915281181,2.0,68.0
28,15,Rural,Gold,90,4.25,Night,Premium,177,511.929390993806,2.0,180.0
97,7,Urban,Silver,22,3.74,Afternoon,Premium,147,441.74670095471794,1.0,22.0
48,12,Urban,Silver,51,4.63,Night,Premium,32,175.5180543386476,2.0,102.0
70,37,Urban,Silver,10,3.65,Night,Premium,168,658.5834276725151,2.0,20.0
78,12,Rural,Silver,99,4.3,Afternoon,Economy,95,299.2909931126892,1.5,148.5
25,7,Rural,Regular,24,3.85,Evening,Premium,144,494.8027992189699,1.0,24.0
24,9,Urban,Gold,6,4.05,Afternoon,Premium,69,223.51901195083727,2.0,12.0
92,37,Rural,Silver,7,4.92,Morning,Premium,103,434.5710508212173,1.0,7.0
43,33,Rural,Gold,16,4.01,Morning,Premium,159,630.4284012724294,2.0,32.0
96,23,Urban,Gold,8,4.23,Morning,Premium,90,445.1254111184949,1.5,12.0
88,46,Rural,Gold,35,4.89,Afternoon,Premium,72,361.98552095653855,1.0,35.0
83,43,Suburban,Regular,20,3.59,Morning,Economy,63,267.28219711727195,1.5,30.0
50,29,Urban,Regular,2,4.81,Morning,Economy,143,518.9547629602604,1.0,2.0
97,75,Urban,Regular,15,4.94,Afternoon,Economy,163,575.4934491747886,1.5,22.5
84,24,Suburban,Regular,39,4.08,Afternoon,Economy,86,349.4432162449335,1.5,58.5
68,40,Suburban,Silver,58,4.64,Morning,Premium,68,279.2349662242834,2.0,116.0
77,30,Urban,Regular,99,4.7,Evening,Premium,179,689.7483154802385,2.0,198.0
82,67,Urban,Regular,13,4.43,Afternoon,Economy,33,88.76294359232648,2.0,26.0
21,8,Suburban,Gold,37,3.71,Evening,Premium,171,621.7963494961118,1.5,55.5
75,24,Rural,Regular,44,3.79,Night,Premium,72,307.621949405299,2.0,88.0
61,9,Urban,Gold,74,3.98,Evening,Premium,32,172.41053126646165,1.0,74.0
90,13,Suburban,Regular,24,3.73,Afternoon,Economy,126,444.2453020895959,1.5,36.0
100,21,Suburban,Regular,20,3.52,Night,Premium,163,556.8967118375435,1.0,20.0
93,31,Suburban,Gold,13,3.58,Afternoon,Premium,101,355.3245754797394,1.5,19.5
92,14,Urban,Silver,57,3.73,Morning,Premium,133,474.99773906008016,2.0,114.0
61,12,Rural,Gold,59,4.72,Afternoon,Premium,178,581.9712306098094,2.0,118.0
53,12,Suburban,Gold,79,3.6,Night,Premium,154,663.4393972369916,1.0,79.0
55,21,Urban,Regular,20,3.56,Night,Premium,134,519.469492374694,1.5,30.0
57,45,Rural,Gold,78,4.43,Afternoon,Premium,112,397.6919501475396,2.0,156.0
34,8,Suburban,Silver,51,4.09,Afternoon,Premium,130,388.1122298927073,1.0,51.0
50,11,Suburban,Silver,19,4.87,Morning,Economy,144,591.1000759572743,2.0,38.0
35,22,Rural,Silver,82,3.79,Afternoon,Economy,174,586.7988633141081,1.5,123.0
43,14,Suburban,Regular,1,3.53,Night,Premium,134,648.9097429236178,1.0,1.0
50,25,Suburban,Silver,19,4.32,Night,Economy,176,746.3391324597457,1.5,28.5
55,19,Urban,Regular,64,4.34,Morning,Premium,129,555.0976877626003,1.0,64.0
93,67,Urban,Silver,21,4.88,Night,Premium,87,417.91314129159,1.5,31.5
94,69,Urban,Silver,86,4.12,Morning,Premium,18,97.80093621671637,2.0,172.0
70,60,Urban,Regular,57,4.05,Afternoon,Premium,43,193.0891119987856,1.0,57.0
36,25,Suburban,Regular,61,3.64,Night,Economy,132,492.4640116460618,2.0,122.0
37,9,Suburban,Silver,73,4.8,Morning,Economy,124,408.81562882076287,1.0,73.0
68,46,Urban,Gold,8,4.21,Afternoon,Economy,116,364.1617948077249,1.0,8.0
77,15,Suburban,Regular,47,4.47,Morning,Economy,66,228.64349787316,2.0,94.0
27,12,Suburban,Silver,64,4.7,Evening,Economy,149,667.9464280068869,2.0,128.0
90,56,Suburban,Silver,61,4.38,Night,Premium,91,410.34270896598935,1.5,91.5
46,23,Suburban,Regular,19,4.92,Afternoon,Economy,169,710.4192641684332,1.5,28.5
96,80,Urban,Regular,47,3.77,Morning,Economy,70,177.20306582722415,1.5,70.5
80,6,Rural,Silver,43,4.81,Night,Economy,24,74.32837977574499,2.0,86.0
80,31,Suburban,Silver,91,4.61,Evening,Premium,127,392.3027600530253,1.5,136.5
64,25,Suburban,Silver,85,4.46,Afternoon,Premium,37,168.61019430479575,1.5,127.5
57,42,Rural,Silver,36,3.59,Afternoon,Premium,167,587.2581373063812,2.0,72.0
52,7,Rural,Silver,57,4.82,Night,Economy,180,563.9803272683639,1.5,85.5
69,56,Urban,Regular,73,4.02,Night,Premium,116,352.3474982568331,2.0,146.0
67,54,Suburban,Regular,53,3.67,Morning,Economy,110,415.3075369486595,2.0,106.0
25,7,Rural,Silver,13,4.07,Afternoon,Premium,60,204.215843297379,1.0,13.0
80,35,Rural,Regular,29,4.49,Night,Economy,79,319.6520700676685,2.0,58.0
73,6,Suburban,Silver,5,4.03,Night,Premium,71,362.05333073474793,1.5,7.5
24,6,Urban,Regular,65,4.29,Afternoon,Premium,106,387.4755378090192,1.0,65.0
37,14,Rural,Gold,18,4.36,Evening,Economy,85,348.8532987245396,2.0,36.0
27,6,Rural,Regular,74,4.75,Afternoon,Premium,157,732.2985126943609,2.0,148.0
23,11,Urban,Regular,11,4.86,Afternoon,Economy,133,343.6721333865543,1.0,11.0
42,8,Rural,Gold,12,4.79,Morning,Premium,166,599.7162532373392,1.5,18.0
74,39,Urban,Silver,11,3.65,Morning,Economy,173,484.75453888236336,1.5,16.5
68,30,Urban,Regular,28,4.69,Night,Premium,134,581.1514565564086,1.5,42.0
59,9,Suburban,Silver,30,4.83,Afternoon,Economy,140,603.3651642705413,1.5,45.0
89,75,Rural,Silver,76,4.39,Evening,Economy,110,369.8546414878244,2.0,152.0
81,35,Suburban,Regular,45,4.11,Night,Economy,174,708.8801421484817,2.0,90.0
33,8,Suburban,Regular,74,4.52,Morning,Premium,56,205.83755050869485,1.0,74.0
75,28,Urban,Gold,49,4.46,Night,Economy,163,684.5607033083106,1.0,49.0
87,48,Suburban,Silver,95,4.73,Morning,Economy,162,453.2541298779704,1.0,95.0
56,37,Suburban,Silver,96,3.83,Afternoon,Premium,130,412.5848379812361,2.0,192.0
75,32,Urban,Silver,20,3.69,Evening,Premium,96,440.4442377359072,2.0,40.0
99,54,Rural,Silver,96,3.77,Afternoon,Premium,61,241.6407113776789,2.0,192.0
33,16,Rural,Regular,81,4.08,Afternoon,Premium,50,201.2925318937432,1.0,81.0
41,28,Rural,Gold,89,4.47,Evening,Premium,45,220.05114029296504,2.0,178.0
55,19,Suburban,Silver,74,3.51,Morning,Economy,173,702.9134159653358,2.0,148.0
93,51,Rural,Silver,12,4.98,Morning,Premium,90,431.42166025583447,2.0,24.0
54,35,Urban,Silver,11,4.49,Afternoon,Premium,96,466.8626810645626,1.0,11.0
34,20,Urban,Gold,21,4.15,Morning,Premium,158,445.1263611668488,1.0,21.0
86,18,Suburban,Silver,61,4.3,Afternoon,Premium,126,441.6378571357946,1.0,61.0
85,27,Suburban,Gold,8,4.11,Night,Premium,157,669.5210116683382,1.5,12.0
74,5,Suburban,Regular,80,3.63,Night,Economy,134,354.3852115042604,1.5,120.0
63,53,Rural,Gold,33,4.33,Afternoon,Economy,175,489.7125242986789,2.0,66.0
55,13,Suburban,Silver,45,3.71,Morning,Premium,40,222.56858200356248,1.5,67.5
100,66,Suburban,Gold,27,3.53,Evening,Premium,106,412.2556067980849,1.0,27.0
51,27,Urban,Gold,86,3.82,Evening,Premium,152,472.21573527678265,2.0,172.0
37,10,Urban,Silver,33,4.86,Afternoon,Economy,44,179.93988033973832,2.0,66.0
99,71,Suburban,Gold,3,4.63,Morning,Premium,100,308.9111533232364,2.0,6.0
54,24,Rural,Silver,85,3.79,Evening,Economy,102,306.3142432341152,1.5,127.5
30,7,Rural,Gold,57,4.27,Morning,Premium,69,224.46487829301583,2.0,114.0
84,56,Urban,Silver,71,4.56,Evening,Premium,15,101.07378646994935,2.0,142.0
49,14,Suburban,Silver,55,4.43,Morning,Premium,131,633.4966221375331,1.0,55.0
86,10,Urban,Silver,98,4.8,Morning,Economy,18,62.87509273644356,2.0,196.0
48,24,Rural,Gold,17,3.98,Afternoon,Economy,29,92.03104706108972,1.0,17.0
67,18,Urban,Silver,78,3.81,Morning,Premium,22,106.7358926414302,2.0,156.0
100,16,Rural,Gold,96,3.65,Night,Premium,163,560.6703257140985,1.5,144.0
79,7,Rural,Silver,31,4.82,Night,Economy,100,322.9000694955284,1.5,46.5
99,9,Rural,Silver,33,4.98,Afternoon,Economy,110,292.33936093553586,2.0,66.0
34,24,Urban,Silver,3,4.41,Morning,Economy,97,242.7517170048808,1.0,3.0
54,21,Urban,Silver,23,4.44,Evening,Premium,136,442.7796305981407,1.0,23.0
77,43,Suburban,Regular,73,4.07,Afternoon,Premium,131,505.54671645728143,1.0,73.0
80,21,Urban,Regular,85,4.21,Morning,Premium,146,474.9171617926677,1.5,127.5
74,54,Urban,Regular,16,4.35,Afternoon,Premium,147,617.434678434942,1.5,24.0
57,38,Urban,Regular,31,3.97,Morning,Premium,64,294.8553699465021,1.5,46.5
97,66,Urban,Silver,90,3.6,Evening,Premium,150,717.467322019467,2.0,180.0
52,14,Suburban,Gold,97,4.83,Evening,Premium,66,266.9772170141728,1.0,97.0
51,37,Rural,Regular,34,4.64,Afternoon,Economy,100,383.3711770715268,1.0,34.0
87,52,Urban,Gold,15,3.57,Night,Economy,66,266.4336179135411,1.0,15.0
91,42,Suburban,Silver,76,4.96,Morning,Economy,86,336.39439243010713,1.5,114.0
85,34,Rural,Regular,66,4.59,Morning,Premium,163,764.8593556145701,2.0,132.0
57,21,Rural,Silver,28,4.93,Night,Economy,141,588.6941797749441,1.0,28.0
28,8,Urban,Regular,67,3.78,Afternoon,Premium,58,305.2426676647312,1.5,100.5
58,30,Urban,Regular,32,4.14,Night,Economy,75,256.37380365626416,1.0,32.0
31,9,Rural,Gold,18,4.42,Morning,Premium,114,461.0193485856391,1.0,18.0
27,11,Suburban,Gold,88,4.5,Evening,Premium,144,581.7472844259253,1.5,132.0
90,75,Urban,Gold,88,4.1,Afternoon,Economy,106,472.5465909334413,1.0,88.0
54,8,Suburban,Regular,41,3.89,Morning,Economy,168,573.4835718398938,1.5,61.5
23,9,Suburban,Silver,50,3.84,Evening,Premium,34,192.3850221961644,1.0,50.0
94,64,Urban,Regular,62,4.87,Night,Economy,166,744.0359811402852,2.0,124.0
86,20,Suburban,Silver,51,3.75,Morning,Premium,110,412.25746306035046,1.5,76.5
79,55,Suburban,Regular,91,4.39,Morning,Economy,48,189.5605649707772,2.0,182.0
73,13,Urban,Regular,93,3.95,Night,Economy,90,357.0434721850994,2.0,186.0
74,23,Urban,Regular,45,4.07,Morning,Premium,99,417.1740953777763,1.5,67.5
26,11,Urban,Gold,10,4.22,Morning,Premium,69,314.84471031916905,2.0,20.0
99,30,Urban,Regular,74,4.21,Morning,Premium,160,629.9546011362719,1.0,74.0
80,42,Urban,Gold,85,4.22,Night,Economy,131,473.5617540035448,2.0,170.0
78,35,Rural,Regular,5,4.35,Evening,Premium,100,317.88095784682014,2.0,10.0
63,6,Urban,Gold,29,4.79,Evening,Premium,24,132.49921949173307,1.0,29.0
25,8,Rural,Regular,30,4.44,Night,Economy,115,430.7858509781543,1.5,45.0
100,50,Urban,Regular,20,4.14,Evening,Economy,127,350.2265835541767,1.5,30.0
46,8,Urban,Silver,32,4.81,Afternoon,Economy,112,466.42747932165264,2.0,64.0
59,29,Urban,Regular,90,4.3,Night,Economy,145,651.7303890276737,1.5,135.0
21,11,Rural,Gold,18,4.2,Morning,Premium,49,266.34807324582846,1.5,27.0
64,7,Rural,Silver,48,4.67,Evening,Economy,64,266.38537677090085,1.0,48.0
52,22,Suburban,Gold,72,3.6,Morning,Premium,101,303.803226426852,1.5,108.0
100,56,Suburban,Silver,67,4.2,Evening,Economy,169,461.9661913503604,1.0,67.0
83,72,Rural,Regular,25,4.62,Night,Premium,45,201.0575405594342,1.5,37.5
89,10,Rural,Silver,36,4.12,Afternoon,Premium,13,94.21444738997974,1.5,54.0
100,37,Rural,Silver,47,4.7,Afternoon,Economy,142,546.8574476673242,2.0,94.0
71,7,Urban,Gold,31,4.83,Morning,Premium,60,292.74683013160404,1.5,46.5
94,26,Suburban,Regular,0,3.94,Afternoon,Premium,40,150.90603765991335,2.0,0.0
52,23,Urban,Regular,41,4.23,Evening,Economy,134,534.90663340905,1.0,41.0
27,15,Urban,Silver,31,4.95,Afternoon,Economy,103,315.2654030422818,1.0,31.0
88,62,Urban,Regular,62,4.82,Afternoon,Economy,162,601.2360266422271,2.0,124.0
48,38,Suburban,Silver,64,4.97,Night,Premium,152,701.4695729515377,1.5,96.0
53,35,Suburban,Regular,1,3.67,Morning,Premium,88,392.0078846224547,1.0,1.0
31,12,Suburban,Gold,34,4.7,Night,Economy,105,331.8375249153692,1.5,51.0
56,34,Suburban,Silver,1,4.56,Afternoon,Economy,121,307.5259290756184,1.0,1.0
48,35,Rural,Gold,47,4.26,Morning,Economy,26,68.27174499943663,1.0,47.0
93,66,Suburban,Silver,22,3.91,Night,Economy,180,765.4397485645513,2.0,44.0
49,18,Rural,Silver,62,4.92,Afternoon,Economy,62,168.36628924698925,2.0,124.0
72,33,Rural,Gold,63,4.25,Evening,Economy,132,351.7736189685264,2.0,126.0
62,11,Suburban,Gold,37,4.23,Morning,Premium,71,363.3457529659053,1.0,37.0
39,15,Suburban,Regular,53,4.6,Evening,Premium,38,201.7146762833217,2.0,106.0
67,56,Urban,Gold,49,4.22,Afternoon,Premium,23,121.43999901863724,1.5,73.5
88,15,Urban,Regular,39,4.51,Afternoon,Economy,137,598.7750233051204,2.0,78.0
29,16,Urban,Silver,75,4.11,Morning,Premium,80,371.1242881043308,1.0,75.0
100,24,Urban,Silver,88,4.49,Night,Economy,56,173.66696747925593,1.5,132.0
98,43,Suburban,Gold,62,4.98,Morning,Economy,130,538.5185280064754,2.0,124.0
35,10,Rural,Gold,40,3.54,Night,Economy,75,281.9625670059949,1.0,40.0
58,14,Rural,Gold,10,3.77,Morning,Economy,95,258.01445968829404,1.5,15.0
22,7,Urban,Gold,53,4.43,Morning,Premium,98,476.2019961536034,1.5,79.5
84,37,Suburban,Regular,94,3.83,Night,Economy,28,124.64550323605349,1.5,141.0
91,14,Suburban,Silver,19,4.78,Night,Premium,19,111.11271494112724,1.5,28.5
56,29,Urban,Gold,67,4.49,Afternoon,Economy,125,421.8171879075184,2.0,134.0
97,21,Rural,Regular,36,3.72,Evening,Premium,23,134.0510144913575,1.0,36.0
57,47,Urban,Gold,26,3.8,Morning,Economy,30,132.4032477391118,1.0,26.0
94,27,Suburban,Silver,100,3.6,Night,Premium,172,547.9814624298182,2.0,200.0
84,6,Suburban,Gold,24,3.74,Morning,Economy,68,281.96824577029594,2.0,48.0
40,11,Rural,Silver,1,4.24,Night,Premium,35,182.46632143825187,2.0,2.0
65,36,Suburban,Silver,20,4.39,Night,Premium,87,313.7742265682814,1.5,30.0
35,22,Urban,Silver,28,4.88,Afternoon,Premium,116,422.8866610257602,2.0,56.0
40,30,Urban,Regular,67,4.03,Evening,Premium,143,529.6967147126813,1.0,67.0
61,45,Urban,Silver,6,4.99,Evening,Economy,10,25.993449448411635,2.0,12.0
50,14,Urban,Gold,98,3.52,Night,Premium,109,351.5699575243088,1.5,147.0
98,25,Suburban,Silver,30,4.76,Afternoon,Economy,60,154.68715967826247,1.5,45.0
54,37,Suburban,Regular,41,4.69,Afternoon,Premium,16,106.59208227583191,1.5,61.5
37,13,Rural,Regular,31,4.66,Afternoon,Economy,35,132.1665679180113,2.0,62.0
78,41,Urban,Silver,12,4.99,Afternoon,Economy,22,76.224961221763,1.5,18.0
84,21,Rural,Gold,88,3.5,Afternoon,Economy,146,598.9400399823005,2.0,176.0
44,32,Suburban,Silver,51,4.2,Afternoon,Premium,168,563.1508995670627,1.5,76.5
25,11,Urban,Silver,92,3.91,Night,Economy,115,310.1546162756803,1.0,92.0
38,13,Urban,Gold,38,4.46,Evening,Premium,28,145.13756861567325,2.0,76.0
85,25,Urban,Silver,21,4.03,Morning,Economy,73,323.5576857599395,2.0,42.0
31,13,Suburban,Gold,87,4.04,Evening,Economy,11,31.5656761621252,1.5,130.5
67,6,Rural,Regular,25,4.45,Evening,Premium,31,144.46263762346956,1.0,25.0
77,11,Rural,Silver,70,3.82,Night,Premium,63,252.4930471020809,2.0,140.0
32,11,Suburban,Silver,30,3.53,Afternoon,Premium,32,146.51277441611944,2.0,60.0
71,30,Rural,Regular,60,4.83,Evening,Premium,156,501.801349985356,1.5,90.0
65,38,Urban,Regular,13,4.77,Morning,Premium,132,610.7325514755008,1.5,19.5
64,29,Urban,Silver,66,3.79,Night,Premium,37,194.2623993646844,1.0,66.0
48,38,Urban,Silver,45,4.17,Afternoon,Economy,87,318.2101259853132,2.0,90.0
76,42,Rural,Gold,95,3.93,Morning,Economy,180,512.6251102173163,1.5,142.5
76,53,Urban,Regular,77,3.67,Afternoon,Premium,179,555.8919187631545,2.0,154.0
71,14,Suburban,Silver,8,4.44,Night,Economy,76,242.1588607696964,1.5,12.0
76,9,Urban,Silver,64,4.16,Evening,Economy,10,41.40499127744981,1.0,64.0
51,14,Rural,Gold,16,3.51,Night,Premium,30,180.88655372559683,1.5,24.0
88,38,Rural,Gold,29,3.73,Evening,Premium,167,537.8971058809161,1.0,29.0
60,24,Rural,Gold,5,3.79,Afternoon,Premium,154,556.6629286327259,1.5,7.5
73,55,Rural,Regular,55,4.2,Afternoon,Economy,52,158.5563431447304,1.5,82.5
23,10,Urban,Silver,80,3.88,Afternoon,Economy,22,59.4454065021933,2.0,160.0
74,27,Suburban,Silver,51,3.75,Morning,Premium,111,334.1449975015087,1.5,76.5
49,6,Suburban,Gold,18,4.41,Night,Premium,148,443.7750198288772,1.5,27.0
31,8,Rural,Gold,7,3.57,Night,Economy,35,145.24203735141535,2.0,14.0
57,46,Rural,Regular,42,4.39,Morning,Economy,56,210.6317666138125,1.5,63.0
64,19,Suburban,Regular,35,4.02,Afternoon,Economy,39,152.22919256822726,1.0,35.0
86,76,Suburban,Regular,84,4.99,Night,Economy,149,612.446726848697,2.0,168.0
54,28,Suburban,Regular,73,3.56,Morning,Premium,51,250.28588237277447,2.0,146.0
85,37,Rural,Gold,10,3.76,Night,Premium,61,309.08254473187293,2.0,20.0
58,15,Rural,Regular,14,4.76,Night,Premium,12,94.1609176991503,1.0,14.0
96,27,Rural,Gold,21,4.37,Night,Premium,57,243.93730652889337,1.0,21.0
58,31,Suburban,Silver,32,4.87,Evening,Premium,85,331.19305388667465,2.0,64.0
77,45,Suburban,Silver,88,4.16,Morning,Economy,151,595.2312211886215,2.0,176.0
93,73,Rural,Regular,78,3.81,Night,Premium,106,465.962681649944,1.0,78.0
44,11,Rural,Regular,56,3.83,Afternoon,Premium,18,104.75201005936664,2.0,112.0
20,10,Rural,Regular,54,4.12,Morning,Premium,168,784.0551260339382,1.0,54.0
70,40,Suburban,Regular,9,3.77,Evening,Economy,130,382.9299378688001,2.0,18.0
42,12,Rural,Gold,92,4.5,Afternoon,Economy,123,319.2967130915861,1.5,138.0
87,33,Rural,Regular,53,4.15,Evening,Economy,143,640.1373391067773,1.5,79.5
70,43,Suburban,Gold,47,4.31,Morning,Economy,57,243.4933853851045,1.5,70.5
61,15,Urban,Gold,29,4.49,Afternoon,Economy,32,135.005874109167,1.5,43.5
71,36,Suburban,Silver,69,4.37,Morning,Economy,110,392.9639432866157,1.0,69.0
81,33,Suburban,Regular,41,4.93,Afternoon,Premium,162,617.2885000560723,2.0,82.0
87,64,Rural,Silver,69,4.55,Evening,Premium,65,310.7883994951958,1.0,69.0
85,65,Suburban,Regular,73,4.65,Afternoon,Premium,165,770.0708908209459,1.5,109.5
91,65,Urban,Regular,40,3.58,Evening,Economy,141,373.50470759834695,2.0,80.0
83,57,Rural,Silver,80,4.6,Night,Premium,172,814.4195559447121,1.0,80.0
64,10,Suburban,Gold,75,3.61,Morning,Premium,155,473.34669329802574,1.0,75.0
69,22,Rural,Silver,25,4.41,Night,Premium,74,266.76777889406367,1.0,25.0
37,12,Rural,Silver,15,3.73,Evening,Economy,142,369.36165888010754,2.0,30.0
93,28,Urban,Silver,63,3.9,Evening,Economy,38,111.72394123957052,1.0,63.0
66,49,Rural,Gold,42,4.56,Afternoon,Economy,124,429.94835612457183,1.5,63.0
47,36,Rural,Silver,100,4.2,Morning,Economy,103,414.77830030238334,1.5,150.0
71,30,Rural,Regular,45,4.16,Evening,Premium,53,227.1825700126456,1.0,45.0
58,19,Urban,Silver,47,3.97,Evening,Economy,77,247.4420018201041,2.0,94.0
100,18,Suburban,Silver,50,4.89,Morning,Premium,51,213.8232968736634,1.5,75.0
94,28,Urban,Regular,59,4.45,Night,Economy,173,652.5878909594384,1.0,59.0
49,6,Rural,Silver,23,4.65,Night,Premium,69,289.6463054085282,2.0,46.0
42,7,Rural,Gold,90,3.67,Evening,Economy,32,123.762469326047,1.0,90.0
79,63,Urban,Gold,56,4.66,Evening,Premium,70,292.5906288976858,2.0,112.0
59,5,Rural,Gold,17,4.97,Evening,Premium,143,440.93951077757487,1.5,25.5
54,7,Urban,Regular,91,3.75,Night,Economy,97,298.3226183929867,1.5,136.5
60,6,Rural,Silver,65,4.76,Morning,Economy,168,629.2044295696749,1.0,65.0
26,13,Suburban,Silver,4,3.63,Night,Premium,123,441.99619244539696,1.0,4.0
90,10,Rural,Silver,59,4.44,Morning,Premium,147,691.5012905566776,2.0,118.0
34,12,Suburban,Silver,38,4.18,Afternoon,Economy,24,106.94859059241988,1.0,38.0
80,34,Suburban,Silver,84,3.8,Night,Economy,174,561.4385219871201,2.0,168.0
21,7,Rural,Regular,58,4.31,Morning,Premium,75,328.45835687553256,1.0,58.0
97,71,Suburban,Silver,52,4.32,Evening,Economy,36,133.38738314122594,1.0,52.0
64,7,Suburban,Regular,92,4.58,Evening,Premium,16,114.6992021313152,1.5,138.0
47,34,Rural,Gold,16,4.38,Evening,Premium,46,237.14338896943252,1.0,16.0
44,28,Rural,Gold,30,3.93,Evening,Premium,42,157.10657171647188,1.0,30.0
21,9,Suburban,Gold,13,4.01,Evening,Economy,127,431.251597706785,1.0,13.0
57,37,Urban,Gold,59,3.92,Evening,Economy,159,585.8075881778408,2.0,118.0
62,5,Rural,Silver,51,4.4,Afternoon,Economy,160,647.204374917644,1.5,76.5
25,6,Urban,Gold,60,3.91,Evening,Premium,145,559.578839787104,2.0,120.0
92,33,Suburban,Silver,70,3.69,Evening,Premium,46,173.1505322724627,1.5,105.0
38,7,Rural,Gold,46,3.79,Night,Economy,78,198.1704675081237,2.0,92.0
99,31,Urban,Silver,0,3.54,Morning,Economy,50,192.7088692483722,1.5,0.0
35,7,Rural,Regular,65,4.19,Night,Economy,65,165.0758241756551,1.0,65.0
30,13,Urban,Gold,53,3.68,Night,Premium,124,379.4680328899806,1.5,79.5
28,6,Urban,Gold,53,4.48,Night,Premium,148,461.10955384851616,1.0,53.0
59,47,Rural,Silver,73,3.54,Night,Economy,75,234.5672445982206,2.0,146.0
24,13,Urban,Silver,50,4.26,Night,Premium,141,540.0620306756346,1.0,50.0
21,6,Suburban,Regular,15,3.81,Evening,Premium,80,318.8415033130425,2.0,30.0
84,54,Suburban,Silver,59,4.98,Afternoon,Premium,43,196.31514152174805,1.5,88.5
100,50,Urban,Silver,83,4.91,Morning,Premium,173,622.4914304114809,1.0,83.0
30,11,Urban,Silver,99,4.96,Evening,Economy,83,349.6745279402746,1.5,148.5
45,35,Rural,Regular,0,4.58,Afternoon,Premium,41,206.1473318707726,1.5,0.0
53,35,Urban,Gold,35,3.92,Afternoon,Premium,166,635.9330544824535,1.5,52.5
65,41,Rural,Gold,51,3.57,Night,Premium,48,251.1121418065252,1.0,51.0
93,6,Rural,Silver,85,4.47,Night,Economy,107,324.098767437868,2.0,170.0
28,5,Rural,Regular,69,4.49,Morning,Premium,132,425.4887347951667,1.5,103.5
38,8,Urban,Silver,78,3.57,Night,Economy,114,470.2690237026412,1.0,78.0
25,6,Urban,Regular,69,4.45,Evening,Premium,94,398.051725971793,1.5,103.5
76,23,Rural,Regular,64,3.57,Night,Premium,115,564.9317250247195,1.0,64.0
22,7,Suburban,Gold,73,4.91,Morning,Premium,73,238.31899146487595,2.0,146.0
40,5,Rural,Silver,17,4.55,Afternoon,Economy,72,184.9552256292673,2.0,34.0
89,16,Suburban,Regular,27,4.86,Afternoon,Economy,161,624.305615960136,1.0,27.0
31,21,Suburban,Silver,77,4.83,Afternoon,Economy,107,389.3845083155804,1.5,115.5
92,45,Rural,Silver,59,4.23,Morning,Premium,121,574.8939389332888,1.5,88.5
58,32,Urban,Gold,92,4.59,Afternoon,Premium,111,517.9444619823878,2.0,184.0
58,20,Rural,Silver,42,3.51,Evening,Economy,125,527.1792011771714,2.0,84.0
36,7,Suburban,Regular,26,4.35,Morning,Economy,59,201.49683080394212,1.5,39.0
66,40,Rural,Regular,93,4.86,Evening,Economy,153,627.0167510146084,2.0,186.0
76,54,Urban,Regular,58,4.05,Evening,Economy,74,218.6251778894482,2.0,116.0
55,23,Urban,Gold,46,4.58,Afternoon,Premium,150,654.676536309137,2.0,92.0
21,8,Urban,Regular,57,4.78,Night,Premium,84,293.5602166445157,2.0,114.0
61,45,Rural,Gold,42,4.25,Afternoon,Economy,102,421.98526198279467,1.0,42.0
72,62,Suburban,Regular,48,3.82,Evening,Economy,126,553.7408048680613,2.0,96.0
65,18,Rural,Gold,65,4.01,Morning,Economy,111,330.62430999065225,2.0,130.0
20,8,Rural,Silver,27,4.99,Morning,Economy,83,261.4451502998812,1.0,27.0
22,7,Suburban,Silver,16,4.1,Night,Economy,147,520.0637873298249,1.0,16.0
72,49,Suburban,Gold,15,4.34,Night,Premium,19,117.63327810103034,1.0,15.0
42,30,Urban,Regular,26,4.79,Afternoon,Economy,138,493.0149508584995,1.0,26.0
100,54,Suburban,Regular,91,4.59,Night,Premium,61,203.1132957396489,1.5,136.5
87,32,Suburban,Silver,38,4.76,Afternoon,Economy,114,421.7762985074602,2.0,76.0
36,8,Urban,Gold,47,4.07,Afternoon,Economy,77,305.0088858607341,1.0,47.0
70,38,Urban,Silver,99,4.19,Morning,Economy,76,317.77188818101894,2.0,198.0
41,7,Urban,Gold,4,4.15,Night,Economy,83,364.9140560714328,2.0,8.0
59,40,Rural,Gold,64,4.72,Night,Economy,157,398.3194964103068,2.0,128.0
33,14,Urban,Regular,38,4.89,Morning,Economy,127,461.3060120664082,1.5,57.0
70,26,Urban,Silver,15,3.67,Night,Premium,70,358.2348071386952,1.5,22.5
45,7,Rural,Regular,87,4.35,Evening,Economy,74,224.3071067625652,2.0,174.0
98,71,Suburban,Regular,83,4.55,Morning,Economy,139,558.3815496134125,1.0,83.0
75,63,Urban,Gold,42,4.55,Evening,Premium,138,660.4425622593634,1.0,42.0
100,34,Rural,Gold,33,4.75,Night,Economy,156,537.4486716625657,1.0,33.0
76,23,Urban,Silver,53,3.94,Evening,Economy,117,480.104370355134,1.5,79.5
32,12,Urban,Silver,69,3.68,Morning,Economy,55,162.28310451017555,1.5,103.5
35,23,Suburban,Gold,58,3.78,Afternoon,Economy,164,638.0445145215127,1.5,87.0
30,16,Suburban,Gold,89,3.63,Afternoon,Economy,142,420.1110979571745,1.0,89.0
75,56,Urban,Regular,66,3.69,Evening,Premium,22,124.49060049402551,1.5,99.0
25,6,Rural,Regular,23,3.95,Morning,Premium,55,235.27811761739352,2.0,46.0
88,16,Suburban,Gold,26,4.18,Morning,Economy,32,127.33149010162909,2.0,52.0
43,26,Rural,Silver,69,4.9,Evening,Economy,107,391.0269903920518,1.5,103.5
39,20,Rural,Silver,97,4.25,Morning,Economy,121,319.5430197104816,2.0,194.0
77,63,Suburban,Gold,72,4.56,Morning,Economy,113,380.2853707615285,1.5,108.0
41,14,Suburban,Silver,59,4.72,Morning,Premium,49,179.62342246641472,1.0,59.0
51,20,Rural,Silver,97,4.8,Morning,Economy,130,452.112640122952,2.0,194.0
30,10,Suburban,Gold,86,4.95,Evening,Economy,149,565.6691466337952,1.5,129.0
29,8,Urban,Gold,52,4.68,Afternoon,Premium,121,402.1558775823215,1.0,52.0
21,5,Rural,Gold,8,4.44,Afternoon,Premium,159,689.8421599513094,1.5,12.0
50,15,Suburban,Regular,62,4.51,Night,Economy,83,307.6469280930268,1.5,93.0
61,42,Rural,Gold,11,3.72,Night,Economy,52,186.5262770863605,2.0,22.0
67,5,Suburban,Silver,81,4.53,Morning,Premium,14,91.06777716361007,2.0,162.0
73,22,Suburban,Regular,26,4.99,Night,Economy,33,143.8549860520897,2.0,52.0
35,18,Urban,Gold,27,3.82,Morning,Economy,158,553.837359075948,2.0,54.0
96,58,Urban,Silver,25,3.61,Morning,Economy,85,336.56848365859423,1.5,37.5
38,28,Urban,Gold,8,4.83,Morning,Economy,29,95.02020685904614,1.0,8.0
75,28,Urban,Gold,6,4.02,Evening,Premium,171,575.0117219060105,1.0,6.0
57,26,Suburban,Silver,92,4.11,Afternoon,Premium,58,264.675747588135,2.0,184.0
36,10,Rural,Gold,65,3.54,Night,Economy,53,185.61792391524813,1.0,65.0
73,27,Rural,Gold,98,3.97,Evening,Economy,57,251.1556502722435,1.0,98.0
68,29,Rural,Gold,51,3.99,Evening,Economy,110,299.689056274687,1.5,76.5
25,9,Rural,Gold,11,3.58,Night,Economy,31,92.65681121424488,1.5,16.5
97,25,Urban,Regular,95,4.91,Night,Premium,101,332.2293764400841,2.0,190.0
30,7,Rural,Regular,85,3.74,Evening,Economy,44,184.11208970364285,1.0,85.0
83,7,Suburban,Gold,24,4.9,Morning,Premium,24,124.5817744544144,1.0,24.0
27,5,Rural,Gold,2,4.3,Evening,Economy,22,60.98181721983856,1.5,3.0
58,21,Suburban,Gold,72,4.14,Afternoon,Economy,10,35.88598786056829,1.5,108.0
32,15,Urban,Gold,67,3.76,Evening,Premium,23,132.12301879164062,2.0,134.0
76,8,Urban,Gold,40,4.68,Afternoon,Economy,157,561.5796822292014,2.0,80.0
21,9,Suburban,Regular,38,4.54,Morning,Economy,179,546.3787898746884,1.5,57.0
47,37,Urban,Gold,53,4.69,Night,Economy,41,147.4597413359118,1.0,53.0
33,20,Suburban,Regular,97,4.13,Morning,Premium,169,668.8922140357987,1.0,97.0
92,66,Rural,Silver,26,3.56,Evening,Economy,19,62.06928479024478,1.0,26.0
24,7,Rural,Silver,34,3.51,Afternoon,Premium,111,477.7411361723483,1.5,51.0
75,9,Rural,Gold,71,4.06,Night,Economy,150,411.0057654245888,2.0,142.0
89,76,Urban,Gold,35,4.8,Night,Premium,177,650.2985711974341,1.5,52.5
67,20,Urban,Regular,42,4.13,Evening,Economy,68,243.22861759627588,1.0,42.0
61,23,Suburban,Silver,51,4.73,Evening,Premium,150,680.9330686248741,1.5,76.5
80,67,Rural,Regular,80,4.74,Night,Economy,147,432.30725774113824,1.5,120.0
66,15,Suburban,Gold,62,4.59,Night,Economy,161,720.729944900258,2.0,124.0
39,12,Suburban,Regular,54,3.77,Morning,Premium,176,510.4543750320455,2.0,108.0
46,22,Urban,Regular,9,4.33,Morning,Economy,128,522.7974318549136,1.0,9.0
89,74,Rural,Silver,41,4.89,Morning,Premium,115,432.16279228896633,1.0,41.0
60,16,Urban,Gold,56,4.33,Night,Premium,126,382.4570671338528,2.0,112.0
58,13,Rural,Regular,99,3.62,Morning,Premium,106,351.43931589566165,1.0,99.0
68,16,Urban,Silver,93,4.44,Morning,Premium,154,510.19578633034166,1.0,93.0
45,19,Suburban,Silver,71,3.72,Night,Economy,121,313.92644056486665,1.5,106.5
91,61,Suburban,Gold,100,4.88,Night,Economy,101,372.2298219510593,2.0,200.0
39,12,Urban,Regular,70,4.02,Morning,Premium,66,314.46800852423786,1.5,105.0
97,9,Rural,Gold,58,4.32,Evening,Premium,142,491.5779538643877,2.0,116.0
42,18,Suburban,Silver,39,3.94,Afternoon,Economy,128,527.1558943563921,1.5,58.5
27,15,Urban,Gold,11,3.77,Evening,Economy,111,432.849396942834,2.0,22.0
67,48,Rural,Regular,94,4.3,Evening,Premium,168,544.6027807887253,1.5,141.0
69,51,Urban,Regular,75,3.57,Night,Premium,136,470.18271352951473,1.5,112.5
69,47,Urban,Regular,65,4.22,Night,Economy,18,53.5391040086766,2.0,130.0
93,18,Suburban,Gold,34,3.54,Afternoon,Economy,80,352.0685727015968,2.0,68.0
84,74,Suburban,Regular,7,4.4,Afternoon,Premium,101,396.3698341114785,1.5,10.5
96,48,Urban,Gold,41,4.39,Morning,Economy,130,367.7829980600229,1.5,61.5
30,13,Suburban,Gold,72,4.18,Night,Premium,113,352.9356730761453,1.0,72.0
60,48,Suburban,Regular,15,4.06,Morning,Economy,78,339.1055825696459,1.5,22.5
72,39,Urban,Regular,39,3.77,Night,Premium,115,347.8959667426787,1.0,39.0
31,13,Suburban,Regular,82,4.63,Morning,Economy,108,469.2509135918648,1.0,82.0
71,13,Rural,Silver,60,4.3,Night,Premium,62,213.8430201203033,1.5,90.0
91,61,Rural,Silver,86,4.44,Morning,Premium,129,567.5392184514062,1.0,86.0
91,60,Rural,Gold,2,3.53,Evening,Premium,107,492.179013222281,1.0,2.0
32,6,Urban,Silver,13,4.75,Afternoon,Economy,53,173.88747446193491,1.0,13.0
23,10,Suburban,Gold,47,4.84,Evening,Economy,125,418.10682439062094,1.0,47.0
61,47,Suburban,Silver,100,4.58,Night,Premium,157,658.3040013013618,1.0,100.0
57,40,Urban,Regular,78,3.62,Afternoon,Economy,171,764.5953413909641,1.0,78.0
89,70,Suburban,Gold,86,4.51,Afternoon,Economy,90,384.2092919756728,1.5,129.0
64,45,Rural,Gold,22,3.96,Night,Premium,118,404.6018875393623,2.0,44.0
91,29,Urban,Regular,82,3.73,Afternoon,Premium,90,446.81702579708536,2.0,164.0
91,53,Suburban,Gold,67,4.56,Night,Economy,50,158.1067231747087,1.5,100.5
69,37,Suburban,Regular,47,4.39,Evening,Premium,60,284.2362895344896,2.0,94.0
71,61,Suburban,Regular,79,3.85,Afternoon,Economy,147,591.2989763287625,2.0,158.0
38,7,Rural,Silver,28,3.85,Evening,Economy,12,36.00027803358747,1.0,28.0
100,32,Suburban,Regular,67,3.94,Evening,Premium,162,581.1370845965885,1.5,100.5
65,51,Suburban,Gold,97,4.81,Night,Premium,144,588.1367698544636,1.0,97.0
73,38,Urban,Regular,91,4.23,Evening,Premium,86,400.2673330229722,1.0,91.0
56,25,Suburban,Regular,87,3.73,Evening,Premium,172,575.4102708388258,1.0,87.0
75,55,Rural,Silver,80,4.7,Morning,Economy,69,190.9788526811355,1.0,80.0
97,21,Urban,Regular,43,3.79,Afternoon,Premium,106,398.1593839328215,2.0,86.0
94,71,Rural,Regular,48,4.73,Night,Premium,169,770.8733244527833,2.0,96.0
53,22,Urban,Silver,28,4.99,Afternoon,Premium,64,211.0820229741896,1.5,42.0
81,8,Rural,Silver,78,4.8,Afternoon,Premium,141,618.4288567281086,1.0,78.0
47,34,Rural,Silver,87,3.53,Morning,Premium,170,739.2271199769044,1.0,87.0
80,48,Suburban,Regular,13,4.44,Night,Economy,35,128.7410738814351,1.5,19.5
75,55,Rural,Gold,54,4.73,Night,Premium,145,584.4917299915722,1.0,54.0
89,12,Urban,Silver,42,4.73,Afternoon,Economy,102,328.31398217312767,1.0,42.0
30,13,Rural,Gold,8,4.1,Afternoon,Economy,94,274.6803754439265,2.0,16.0
64,5,Rural,Gold,91,4.34,Evening,Premium,21,108.2430435427408,2.0,182.0
55,29,Suburban,Gold,92,4.85,Morning,Economy,44,181.78093960037765,1.0,92.0
94,76,Suburban,Gold,26,4.7,Morning,Premium,94,405.317954516569,1.5,39.0
53,28,Urban,Gold,6,3.67,Evening,Economy,178,775.7916851510323,1.5,9.0
29,7,Suburban,Regular,68,3.98,Morning,Economy,114,289.1296809487768,1.0,68.0
29,17,Urban,Silver,76,3.61,Morning,Economy,166,674.132847635612,2.0,152.0
75,42,Suburban,Silver,38,4.25,Afternoon,Economy,146,479.11995337350106,2.0,76.0
74,53,Suburban,Regular,60,3.93,Night,Economy,162,676.4404324115253,1.5,90.0
89,75,Urban,Silver,10,4.91,Evening,Economy,16,54.44953818628992,1.0,10.0
29,13,Suburban,Gold,44,4.29,Evening,Premium,87,267.7404170012178,2.0,88.0
40,20,Rural,Silver,45,4.42,Evening,Premium,130,445.4842486108808,1.5,67.5
79,11,Urban,Regular,1,4.35,Night,Premium,45,210.25675967194184,2.0,2.0
98,87,Urban,Gold,87,4.28,Afternoon,Premium,170,603.8458024755097,1.0,87.0
95,76,Urban,Regular,74,4.39,Night,Economy,118,464.9915827255092,2.0,148.0
79,13,Rural,Gold,67,4.05,Evening,Premium,151,514.9363491532515,1.5,100.5
38,22,Suburban,Regular,18,4.17,Night,Premium,121,450.5387531372676,2.0,36.0
83,41,Suburban,Silver,48,3.64,Evening,Economy,176,741.3443926126964,1.0,48.0
59,24,Suburban,Regular,40,4.0,Afternoon,Premium,147,631.6312970255759,2.0,80.0
51,11,Suburban,Regular,72,3.62,Afternoon,Economy,16,71.21364105240121,1.0,72.0
64,46,Rural,Silver,51,5.0,Evening,Premium,29,144.60138253530263,1.5,76.5
30,6,Rural,Regular,93,3.81,Evening,Economy,129,505.92196882791006,2.0,186.0
60,15,Suburban,Regular,95,4.84,Afternoon,Economy,180,726.3339146351499,2.0,190.0
75,51,Rural,Regular,17,4.83,Afternoon,Premium,79,283.4132787585248,1.5,25.5
25,15,Suburban,Regular,88,4.68,Afternoon,Premium,31,148.18648820169864,1.0,88.0
46,31,Suburban,Gold,67,3.53,Morning,Economy,61,158.59209307103367,1.5,100.5
48,11,Urban,Regular,86,3.55,Night,Economy,15,57.89462608061131,1.0,86.0
51,6,Rural,Gold,64,4.57,Morning,Economy,34,142.5577269374603,2.0,128.0
68,23,Suburban,Gold,96,4.77,Morning,Economy,105,359.128113102171,1.0,96.0
89,8,Suburban,Silver,18,3.83,Morning,Economy,121,407.5520587692045,1.5,27.0
84,55,Suburban,Regular,1,4.47,Afternoon,Economy,146,487.3991192361553,1.5,1.5
50,8,Rural,Regular,25,3.8,Evening,Premium,13,89.61312852216915,2.0,50.0
99,40,Urban,Gold,26,4.83,Evening,Premium,151,510.6580782397596,1.0,26.0
21,9,Urban,Gold,91,4.82,Morning,Economy,47,171.6271185714875,1.0,91.0
53,19,Suburban,Silver,54,3.84,Evening,Economy,132,520.5653406452625,1.0,54.0
60,16,Urban,Gold,68,4.23,Night,Economy,108,458.096326804516,2.0,136.0
32,22,Suburban,Silver,9,4.68,Night,Premium,135,530.1491563778454,1.5,13.5
51,25,Rural,Regular,21,4.43,Evening,Premium,38,200.2582591219043,1.5,31.5
22,5,Urban,Regular,75,4.39,Night,Premium,19,128.0167601925525,1.0,75.0
21,7,Rural,Regular,6,4.96,Afternoon,Premium,180,836.1164185613576,1.0,6.0
55,21,Rural,Silver,49,4.59,Morning,Economy,111,471.0890518884983,1.0,49.0
42,31,Rural,Gold,32,4.75,Night,Economy,12,50.6401755820817,1.5,48.0
86,26,Rural,Silver,31,3.69,Afternoon,Economy,85,263.1611767019543,1.5,46.5
48,18,Rural,Silver,60,4.47,Afternoon,Premium,124,524.1655595085831,2.0,120.0
82,65,Urban,Gold,43,4.8,Night,Premium,112,330.2265438250878,1.0,43.0
63,48,Rural,Regular,88,4.09,Morning,Economy,70,212.7407519371268,1.5,132.0
44,24,Urban,Regular,83,3.61,Night,Economy,13,48.92895253547415,2.0,166.0
39,18,Suburban,Gold,78,4.21,Afternoon,Economy,165,734.3951190125542,1.0,78.0
23,7,Rural,Gold,98,4.35,Morning,Economy,76,281.33950234360725,2.0,196.0
31,7,Rural,Silver,27,4.73,Morning,Premium,141,476.28985780068655,2.0,54.0
44,7,Rural,Regular,55,3.66,Night,Premium,103,490.3421583214189,1.5,82.5
23,5,Urban,Gold,92,3.71,Night,Economy,105,363.4447759027239,1.0,92.0
63,46,Urban,Silver,36,4.59,Morning,Economy,18,49.83993575677632,1.5,54.0
25,15,Urban,Gold,15,4.18,Morning,Premium,176,516.8295590439432,1.5,22.5
27,11,Rural,Regular,1,4.34,Night,Economy,99,262.6864663772181,1.5,1.5
57,28,Urban,Gold,27,4.58,Afternoon,Economy,107,423.5098573724167,2.0,54.0
83,26,Suburban,Gold,77,3.62,Night,Premium,74,373.975635759196,2.0,154.0
80,5,Suburban,Regular,53,3.67,Evening,Premium,48,184.24294467848267,1.0,53.0
50,40,Rural,Silver,61,4.7,Evening,Premium,73,319.11098294212263,2.0,122.0
84,8,Rural,Gold,21,4.63,Night,Economy,172,549.2008068168793,1.5,31.5
90,54,Rural,Regular,1,3.59,Afternoon,Premium,87,427.8571629452071,1.5,1.5
28,9,Urban,Silver,68,4.82,Evening,Premium,43,164.316390505398,2.0,136.0
97,64,Rural,Silver,62,3.52,Morning,Premium,152,638.1340201838489,1.0,62.0
99,22,Suburban,Silver,7,4.4,Morning,Economy,39,131.44358716419623,1.5,10.5
96,53,Rural,Regular,58,4.28,Afternoon,Economy,21,55.6373707994896,2.0,116.0
88,69,Rural,Gold,89,3.6,Evening,Premium,107,467.92749485577286,1.5,133.5
53,17,Rural,Silver,78,4.03,Afternoon,Premium,26,120.24719290813758,1.5,117.0
28,14,Rural,Silver,77,3.58,Afternoon,Economy,98,374.65518279544045,2.0,154.0
59,21,Rural,Regular,97,3.6,Afternoon,Premium,67,269.44414015954374,1.0,97.0
50,27,Suburban,Gold,100,4.22,Morning,Premium,173,685.6696935694298,1.5,150.0
89,8,Urban,Gold,40,3.59,Morning,Premium,151,528.0024896243917,1.0,40.0
83,34,Urban,Silver,96,4.71,Evening,Premium,176,812.0729938599545,1.5,144.0
73,14,Urban,Gold,28,4.31,Evening,Economy,29,118.97305838669006,1.0,28.0
76,35,Suburban,Regular,8,4.89,Afternoon,Premium,138,406.5899107855241,2.0,16.0
56,35,Rural,Silver,33,3.97,Morning,Economy,47,134.77582951421903,1.5,49.5
40,20,Rural,Regular,11,4.4,Afternoon,Economy,83,343.79851998722387,2.0,22.0
27,6,Urban,Silver,92,3.73,Night,Premium,125,460.2837624776103,2.0,184.0
32,7,Urban,Regular,79,4.05,Morning,Economy,83,306.390461217286,2.0,158.0
48,24,Urban,Silver,35,4.2,Night,Premium,51,251.4211394087152,2.0,70.0
71,41,Urban,Gold,31,3.81,Afternoon,Premium,140,614.63671317069,1.0,31.0
53,6,Rural,Silver,74,4.12,Night,Economy,76,231.1651667910225,1.0,74.0
87,44,Rural,Silver,61,3.87,Evening,Premium,16,117.76366453355408,1.5,91.5
36,16,Urban,Regular,82,4.62,Afternoon,Premium,72,253.4912438007839,1.5,123.0
39,20,Rural,Gold,71,4.11,Morning,Economy,111,404.5983991889042,1.0,71.0
91,81,Rural,Gold,15,4.68,Evening,Premium,20,135.1772701347079,2.0,30.0
31,18,Urban,Regular,46,4.86,Night,Economy,128,360.8585507409454,2.0,92.0
94,67,Suburban,Silver,34,4.64,Night,Premium,64,231.3263184773236,1.0,34.0
83,18,Urban,Gold,12,4.98,Morning,Economy,81,286.409294385432,2.0,24.0
34,9,Urban,Silver,65,4.69,Afternoon,Premium,107,508.7118174567975,1.5,97.5
32,6,Rural,Gold,75,4.47,Morning,Premium,154,721.7212691270341,1.0,75.0
22,7,Urban,Gold,15,3.53,Evening,Premium,180,552.2693747461685,2.0,30.0
49,20,Rural,Silver,52,4.74,Afternoon,Premium,162,510.62689141008207,2.0,104.0
61,38,Urban,Silver,95,3.5,Night,Economy,164,415.9794524398186,1.5,142.5
21,9,Urban,Gold,48,4.4,Afternoon,Premium,152,660.0597080304599,1.0,48.0
40,18,Urban,Silver,16,4.59,Afternoon,Premium,157,644.0445755475266,1.5,24.0
22,6,Urban,Silver,82,4.3,Morning,Premium,172,710.884313751738,1.0,82.0
34,11,Suburban,Gold,66,4.59,Morning,Economy,134,478.20015364109577,1.5,99.0
56,31,Rural,Silver,9,4.79,Afternoon,Premium,167,744.4180991800615,1.5,13.5
93,36,Urban,Gold,60,4.63,Afternoon,Economy,111,478.7697584495512,1.5,90.0
38,9,Suburban,Gold,57,4.26,Morning,Premium,16,104.0560727191975,1.0,57.0
76,26,Suburban,Silver,74,4.18,Evening,Premium,159,486.1839276370279,2.0,148.0
47,24,Suburban,Silver,11,3.62,Night,Premium,148,657.0936874279021,2.0,22.0
64,10,Urban,Silver,62,4.98,Evening,Economy,38,96.3007413779792,2.0,124.0
56,10,Rural,Gold,28,3.8,Afternoon,Economy,144,609.9082747031204,2.0,56.0
44,25,Rural,Silver,32,4.43,Night,Premium,154,502.1012063441772,1.5,48.0
34,6,Rural,Regular,11,3.75,Morning,Economy,179,465.719058488387,2.0,22.0
45,18,Suburban,Silver,70,3.84,Night,Economy,122,308.43591786214927,1.5,105.0
31,7,Rural,Regular,22,4.88,Afternoon,Premium,172,806.0212701919081,2.0,44.0
95,28,Rural,Regular,34,4.48,Evening,Economy,163,576.9675719994219,1.5,51.0
82,59,Rural,Regular,39,3.5,Night,Premium,67,284.2944207006542,1.0,39.0
95,38,Urban,Silver,39,3.71,Afternoon,Premium,97,478.3662772118347,1.0,39.0
27,12,Suburban,Silver,1,4.93,Evening,Economy,41,119.4823999754907,1.0,1.0
94,23,Suburban,Regular,71,4.15,Night,Premium,154,532.5097779421501,2.0,142.0
66,15,Urban,Silver,88,4.21,Evening,Premium,65,291.9008795114952,1.5,132.0
40,6,Rural,Gold,37,4.75,Afternoon,Premium,148,707.8553931548287,1.5,55.5
56,27,Suburban,Silver,62,4.74,Evening,Premium,129,435.7154538108565,1.5,93.0
54,6,Suburban,Gold,48,4.26,Morning,Economy,154,504.0841142440527,1.5,72.0
46,15,Suburban,Silver,96,4.69,Morning,Premium,116,497.3770093020007,2.0,192.0
65,16,Suburban,Silver,82,3.62,Evening,Premium,146,460.8002858653508,1.0,82.0
96,48,Urban,Gold,11,4.19,Night,Economy,79,272.4960775620536,1.0,11.0
47,9,Suburban,Gold,88,4.06,Night,Economy,93,246.9535423209308,2.0,176.0
20,7,Urban,Silver,55,4.43,Night,Economy,153,482.7422075016093,1.0,55.0
94,57,Suburban,Regular,13,4.04,Afternoon,Economy,60,205.495759583372,2.0,26.0
52,30,Suburban,Silver,25,3.67,Night,Economy,142,531.6062153403296,2.0,50.0
71,6,Suburban,Gold,48,4.05,Afternoon,Economy,157,550.9983736824666,1.5,72.0
46,8,Rural,Gold,39,3.97,Evening,Premium,123,396.9586997774456,1.5,58.5
53,40,Urban,Regular,13,3.79,Night,Economy,118,318.2115758092651,1.0,13.0
26,11,Urban,Regular,97,3.64,Morning,Economy,141,427.0550612068028,1.0,97.0
100,46,Suburban,Gold,74,3.74,Afternoon,Economy,171,448.31285347772814,1.0,74.0
74,38,Urban,Regular,95,5.0,Evening,Economy,167,455.4083398759809,2.0,190.0
53,5,Rural,Gold,100,4.46,Night,Premium,33,179.17081970350634,2.0,200.0
75,63,Urban,Gold,24,4.18,Afternoon,Economy,29,104.18588264010208,1.0,24.0
44,9,Suburban,Regular,54,4.2,Morning,Premium,13,91.67748868757226,1.0,54.0
76,60,Suburban,Regular,81,3.6,Evening,Premium,72,264.08573637935564,2.0,162.0
88,18,Suburban,Silver,80,4.83,Evening,Economy,109,424.65693227127065,2.0,160.0
54,35,Rural,Gold,95,4.98,Evening,Premium,61,218.9504185416184,1.0,95.0
49,30,Urban,Regular,7,3.97,Afternoon,Premium,77,248.1703336422785,1.0,7.0
25,8,Urban,Silver,11,4.0,Afternoon,Economy,109,422.4367392307234,1.0,11.0
36,18,Suburban,Gold,15,4.21,Afternoon,Economy,86,280.5240756909656,1.5,22.5
42,25,Suburban,Silver,44,4.99,Morning,Premium,122,565.9834811108678,2.0,88.0
29,14,Rural,Gold,2,4.69,Night,Premium,180,828.2131345744126,1.0,2.0
52,16,Urban,Silver,63,4.13,Morning,Economy,49,132.84680584297232,1.5,94.5
37,6,Rural,Gold,59,4.73,Evening,Economy,20,86.17345483820148,2.0,118.0
91,17,Rural,Gold,21,4.84,Afternoon,Premium,149,545.3868063047398,1.0,21.0
29,8,Rural,Silver,79,4.26,Morning,Premium,133,531.0619846358322,2.0,158.0
62,45,Rural,Regular,87,4.74,Afternoon,Premium,20,108.6023564641184,1.5,130.5
69,7,Urban,Regular,51,4.56,Afternoon,Premium,103,462.66304412150464,1.5,76.5
32,14,Suburban,Silver,80,3.56,Afternoon,Premium,80,254.9510771161675,1.0,80.0
78,31,Urban,Gold,6,3.78,Evening,Premium,64,271.0126649576171,2.0,12.0
53,10,Rural,Silver,10,3.58,Evening,Economy,168,424.48842846396354,1.0,10.0
60,50,Suburban,Silver,54,4.57,Afternoon,Premium,38,151.77728650517233,1.0,54.0
97,58,Urban,Gold,1,4.11,Morning,Premium,83,383.0749064097095,1.0,1.0
87,77,Urban,Gold,12,3.56,Night,Premium,11,97.78450586126137,2.0,24.0
74,20,Rural,Silver,68,4.36,Night,Economy,32,119.59407325541466,1.5,102.0
90,58,Urban,Gold,1,4.7,Afternoon,Premium,21,126.57277068445282,1.0,1.0
21,8,Rural,Regular,69,4.24,Afternoon,Premium,176,829.5343798843528,1.0,69.0
70,35,Urban,Silver,35,4.9,Night,Premium,108,418.815349545453,1.0,35.0
37,7,Suburban,Regular,1,3.92,Evening,Economy,62,233.21310275336955,1.5,1.5
30,11,Rural,Gold,93,3.56,Night,Premium,155,701.141472496938,2.0,186.0
64,22,Urban,Regular,26,4.24,Evening,Premium,115,388.72966746525947,1.5,39.0
40,23,Urban,Silver,6,3.96,Night,Economy,178,528.60807288888,2.0,12.0
28,18,Urban,Gold,100,3.62,Afternoon,Premium,92,382.03843862699455,1.5,150.0
85,19,Rural,Gold,17,3.69,Morning,Economy,164,587.331264277609,2.0,34.0
92,77,Urban,Gold,100,4.26,Night,Economy,47,167.7398193291184,2.0,200.0
93,56,Suburban,Regular,56,4.65,Evening,Premium,86,304.8360144837103,1.0,56.0
36,25,Rural,Regular,26,3.57,Afternoon,Economy,122,354.1540979676975,1.0,26.0
94,50,Suburban,Regular,88,4.95,Night,Premium,49,250.4603273046531,1.5,132.0
27,8,Rural,Gold,48,4.18,Afternoon,Economy,167,495.2197782062817,1.5,72.0
86,41,Rural,Regular,96,4.5,Morning,Premium,68,301.5483736351267,1.0,96.0
22,11,Rural,Regular,39,4.63,Evening,Economy,101,433.03454356764814,1.0,39.0
95,56,Rural,Silver,86,3.79,Morning,Premium,147,671.4712089285143,1.0,86.0
99,89,Urban,Silver,63,4.84,Afternoon,Economy,16,49.71329085631081,2.0,126.0
22,8,Rural,Regular,4,4.84,Morning,Economy,122,408.129769999122,1.5,6.0
100,85,Suburban,Silver,59,4.46,Evening,Economy,110,329.4837131421355,2.0,118.0
61,38,Rural,Silver,100,4.34,Evening,Premium,78,383.3178042225475,2.0,200.0
33,18,Suburban,Gold,7,4.01,Night,Economy,105,313.06815696851334,1.0,7.0
39,22,Rural,Gold,63,3.87,Evening,Premium,170,706.6896358975697,1.5,94.5
37,5,Urban,Silver,75,3.88,Evening,Premium,26,142.6153122038585,1.0,75.0
95,53,Suburban,Silver,6,4.01,Afternoon,Premium,158,708.8224028092762,1.5,9.0
28,6,Suburban,Gold,54,4.03,Afternoon,Premium,168,593.065918046481,1.0,54.0
66,17,Urban,Gold,84,4.47,Night,Economy,139,604.3834014812801,2.0,168.0
60,11,Suburban,Gold,18,4.29,Evening,Economy,26,100.2582627032478,1.0,18.0
94,34,Suburban,Gold,99,4.54,Afternoon,Premium,155,685.7612504810801,1.5,148.5
63,12,Urban,Silver,54,4.47,Evening,Premium,140,446.41301231617626,1.5,81.0
38,8,Suburban,Silver,59,4.44,Night,Premium,75,291.107936848218,1.5,88.5
35,21,Suburban,Silver,13,4.14,Morning,Premium,36,193.64239387562827,1.5,19.5
83,64,Suburban,Gold,78,4.01,Evening,Economy,109,304.52612995371493,1.5,117.0
62,14,Rural,Silver,33,4.23,Morning,Premium,85,386.834933294766,1.0,33.0
88,48,Urban,Gold,52,4.52,Night,Economy,92,230.83258579661484,1.5,78.0
68,11,Rural,Silver,89,3.66,Evening,Economy,93,333.9106726820272,2.0,178.0
84,64,Urban,Regular,34,4.13,Evening,Premium,99,353.8098038704909,2.0,68.0
40,10,Urban,Regular,60,3.87,Night,Premium,79,293.19813425701705,1.0,60.0
93,20,Urban,Regular,38,4.78,Afternoon,Premium,144,447.083068843808,2.0,76.0
57,44,Urban,Gold,78,3.53,Evening,Economy,153,584.888884974888,2.0,156.0
67,16,Suburban,Gold,24,4.52,Evening,Premium,150,488.1872511532145,1.5,36.0
68,16,Urban,Silver,91,4.49,Night,Economy,77,246.7577555097292,1.0,91.0
38,22,Urban,Gold,60,3.6,Morning,Premium,104,312.1731588463509,1.0,60.0
49,28,Urban,Silver,61,3.9,Evening,Premium,172,576.281119337865,2.0,122.0
98,59,Urban,Regular,55,4.6,Morning,Economy,100,381.391205400882,1.0,55.0
47,9,Suburban,Gold,38,4.06,Morning,Economy,141,543.7702542024564,1.0,38.0
27,11,Urban,Regular,97,4.78,Evening,Premium,137,472.5224037960476,1.0,97.0
59,29,Urban,Regular,68,4.4,Night,Premium,88,286.05897011629656,1.5,102.0
56,20,Urban,Regular,74,4.05,Evening,Economy,25,88.95619552388446,2.0,148.0
50,39,Urban,Gold,62,3.95,Morning,Premium,135,646.9811778631195,1.0,62.0
93,37,Urban,Gold,37,4.75,Night,Economy,76,292.9246564000302,2.0,74.0
46,22,Rural,Regular,97,3.51,Morning,Economy,100,395.769846813748,1.5,145.5
56,19,Suburban,Silver,16,4.46,Evening,Premium,86,279.6798100890559,1.5,24.0
37,16,Suburban,Gold,8,4.5,Evening,Economy,46,192.50297743378897,1.0,8.0
85,58,Urban,Regular,85,4.1,Night,Premium,92,351.77029329216225,1.0,85.0
27,7,Urban,Regular,89,3.6,Morning,Premium,120,555.4019371049674,1.5,133.5
44,16,Rural,Silver,31,3.96,Night,Premium,122,395.3781570382596,1.5,46.5
75,51,Suburban,Regular,68,3.65,Afternoon,Premium,66,261.5103067801241,2.0,136.0
21,11,Urban,Gold,46,3.84,Morning,Economy,103,397.5648404411393,2.0,92.0
42,29,Suburban,Silver,67,4.59,Morning,Premium,153,735.2764383329761,1.5,100.5
25,15,Suburban,Silver,100,4.9,Night,Premium,94,289.4570095389695,2.0,200.0
67,46,Suburban,Regular,92,4.72,Morning,Economy,32,97.6750013649232,2.0,184.0
29,6,Suburban,Silver,24,4.37,Afternoon,Economy,50,197.46392160702555,2.0,48.0
100,70,Urban,Gold,42,4.9,Night,Premium,167,762.8822843495781,1.5,63.0
37,10,Suburban,Gold,27,4.26,Afternoon,Economy,143,512.44939271165,1.5,40.5
31,14,Urban,Gold,37,4.3,Night,Premium,103,484.4661863877365,1.0,37.0
49,12,Suburban,Silver,30,4.37,Afternoon,Premium,84,353.01840875622844,2.0,60.0
42,19,Rural,Regular,56,4.84,Evening,Premium,144,539.7316715337728,2.0,112.0
61,5,Rural,Regular,48,4.15,Morning,Economy,29,114.16365482248573,1.0,48.0
24,7,Suburban,Gold,85,4.36,Night,Economy,169,521.4080460440558,1.5,127.5
20,10,Rural,Regular,18,4.28,Evening,Premium,123,450.3878805106937,1.5,27.0
22,9,Urban,Silver,36,4.51,Evening,Premium,10,82.69156896202661,1.5,54.0
98,87,Suburban,Regular,59,4.26,Afternoon,Economy,13,34.57409278115731,2.0,118.0
30,14,Urban,Silver,64,4.45,Afternoon,Economy,147,535.1718879088473,1.0,64.0
32,13,Urban,Regular,75,4.56,Evening,Premium,111,333.4011668412356,2.0,150.0
22,12,Urban,Silver,49,4.88,Night,Premium,35,179.8388198801664,2.0,98.0
62,8,Urban,Silver,13,4.2,Night,Premium,65,241.9912178461052,1.0,13.0
51,27,Urban,Gold,8,4.31,Night,Economy,92,369.3803924019288,1.5,12.0
85,74,Suburban,Regular,82,3.92,Evening,Premium,177,704.3001292247022,1.5,123.0
28,9,Urban,Silver,26,3.95,Night,Premium,114,466.9720738288303,1.5,39.0
93,70,Suburban,Silver,21,3.81,Evening,Economy,12,41.12164471941277,2.0,42.0
36,9,Suburban,Silver,53,4.46,Night,Premium,127,404.02979977887577,1.5,79.5
80,22,Rural,Gold,17,4.4,Morning,Economy,141,423.75441798529033,1.0,17.0
60,24,Rural,Regular,18,4.16,Morning,Premium,45,165.72466245477892,2.0,36.0
97,45,Urban,Silver,90,3.71,Morning,Premium,151,578.8213877560842,1.5,135.0
53,14,Suburban,Silver,24,3.99,Afternoon,Premium,161,707.4493979183783,2.0,48.0
79,22,Rural,Silver,53,3.96,Evening,Premium,126,542.8095730212775,1.0,53.0
44,24,Urban,Silver,55,4.08,Afternoon,Premium,137,513.9900766589533,2.0,110.0
34,12,Suburban,Regular,3,4.83,Night,Premium,62,298.3556200090825,2.0,6.0
55,12,Urban,Silver,96,4.66,Morning,Premium,48,183.2701656673754,2.0,192.0
49,29,Suburban,Regular,35,4.8,Evening,Premium,160,468.3069201504469,1.0,35.0
72,54,Rural,Regular,68,3.85,Afternoon,Economy,74,220.4983368386397,1.5,102.0
72,27,Urban,Gold,76,3.97,Morning,Premium,70,265.94661511348426,1.5,114.0
99,6,Suburban,Gold,49,4.32,Afternoon,Economy,113,311.4894374116108,1.0,49.0
21,10,Rural,Regular,22,4.42,Morning,Economy,151,647.8477765247827,2.0,44.0
50,25,Urban,Silver,89,4.74,Afternoon,Economy,107,383.9141419544756,1.0,89.0
61,35,Rural,Silver,4,4.77,Morning,Premium,115,557.916185756397,1.5,6.0
24,5,Rural,Silver,57,4.96,Night,Premium,70,228.7960083986281,1.5,85.5
31,17,Rural,Silver,71,4.46,Evening,Premium,55,237.76862211931405,2.0,142.0
35,20,Suburban,Regular,62,3.55,Afternoon,Economy,117,297.0874038526085,1.5,93.0
74,30,Urban,Regular,97,3.9,Evening,Economy,179,794.3231511066332,1.0,97.0
94,61,Urban,Regular,12,4.95,Evening,Premium,133,563.8497971641384,1.5,18.0
44,11,Rural,Silver,31,3.92,Afternoon,Premium,110,339.2870734791633,2.0,62.0
84,37,Urban,Gold,3,3.83,Evening,Premium,69,248.9476553705649,1.5,4.5
27,12,Suburban,Regular,39,4.51,Morning,Premium,55,279.2686999169939,1.5,58.5
59,36,Suburban,Regular,43,3.74,Evening,Premium,25,145.04223833476908,2.0,86.0
82,20,Urban,Regular,59,3.99,Night,Premium,45,241.8259564507362,2.0,118.0
24,10,Urban,Gold,24,4.09,Morning,Premium,97,430.60985477056624,2.0,48.0
84,67,Suburban,Regular,48,4.87,Night,Economy,81,219.99370680056552,1.0,48.0
52,9,Suburban,Regular,24,4.19,Morning,Economy,102,366.7282586383836,2.0,48.0
38,12,Rural,Silver,44,4.85,Evening,Economy,110,356.8814026432877,1.5,66.0
26,12,Urban,Regular,80,4.27,Afternoon,Economy,134,441.4714772887345,1.5,120.0
61,39,Suburban,Regular,82,4.49,Morning,Premium,46,230.1431447581205,2.0,164.0
87,41,Rural,Gold,97,4.27,Afternoon,Premium,37,158.89198003545,1.0,97.0
98,46,Suburban,Gold,55,4.71,Evening,Economy,173,766.9193242115463,2.0,110.0
24,13,Urban,Silver,54,4.09,Morning,Economy,161,466.7229822330101,1.5,81.0
44,8,Urban,Gold,43,3.82,Night,Economy,86,233.50662384935427,1.5,64.5
71,59,Urban,Regular,71,4.47,Evening,Economy,31,104.1037337805616,1.0,71.0
91,59,Urban,Silver,68,4.77,Night,Economy,15,38.33576819209958,1.5,102.0
32,14,Urban,Gold,75,4.49,Night,Economy,177,761.0167600703148,1.5,112.5
79,24,Urban,Silver,0,4.26,Evening,Economy,82,284.8625062809567,1.5,0.0
73,27,Urban,Regular,55,4.27,Morning,Premium,50,216.06019585156733,1.0,55.0
32,16,Rural,Silver,80,4.78,Morning,Economy,11,39.37370119886104,1.0,80.0
22,10,Rural,Silver,5,4.44,Morning,Premium,129,471.7821019342959,1.5,7.5
35,19,Urban,Silver,45,4.99,Afternoon,Economy,159,508.6730024657942,2.0,90.0
24,10,Suburban,Regular,79,4.3,Night,Economy,24,95.11851081754354,2.0,158.0
67,31,Rural,Gold,64,3.62,Night,Economy,169,735.1444900755255,1.5,96.0
100,73,Urban,Silver,95,3.98,Night,Premium,100,456.60307303079816,1.0,95.0
66,16,Urban,Silver,94,4.52,Morning,Economy,34,122.24187517858556,1.5,141.0
96,36,Urban,Regular,57,4.06,Evening,Premium,139,599.8171406236374,2.0,114.0
60,8,Urban,Regular,68,4.84,Morning,Premium,144,438.5186068324803,1.0,68.0
92,31,Rural,Silver,54,3.91,Night,Premium,148,516.1330392078827,1.5,81.0
92,49,Urban,Silver,9,4.23,Evening,Premium,89,397.4831040703401,2.0,18.0
56,37,Urban,Silver,27,4.12,Afternoon,Premium,68,317.8400260939533,1.5,40.5
88,71,Rural,Regular,42,4.87,Afternoon,Premium,109,330.78364034759613,2.0,84.0
87,47,Rural,Silver,6,4.54,Morning,Premium,162,743.3166378180009,1.5,9.0
85,6,Suburban,Gold,92,4.11,Afternoon,Economy,73,274.1712773124912,1.0,92.0
98,54,Rural,Regular,34,4.57,Evening,Premium,113,462.4075929220183,2.0,68.0
28,14,Rural,Regular,24,4.2,Afternoon,Economy,147,533.0802632142761,1.0,24.0
36,9,Suburban,Silver,22,3.51,Night,Premium,37,143.2178421949143,2.0,44.0
20,8,Suburban,Silver,38,4.82,Night,Premium,155,574.9456425421428,2.0,76.0
94,36,Rural,Regular,41,4.57,Morning,Economy,76,215.741761640662,1.5,61.5
94,82,Suburban,Gold,48,4.92,Morning,Premium,20,129.7685299495176,1.5,72.0
70,7,Urban,Regular,13,4.09,Afternoon,Economy,117,321.0007657787772,2.0,26.0
90,71,Suburban,Regular,37,3.51,Morning,Premium,32,172.59277503910292,1.0,37.0
42,10,Urban,Silver,56,4.01,Night,Premium,95,455.20978516158993,1.5,84.0
44,18,Suburban,Gold,88,3.67,Night,Premium,50,199.8397440906976,1.5,132.0
60,16,Suburban,Regular,28,3.91,Evening,Economy,105,281.0970650985199,1.5,42.0
26,5,Rural,Silver,7,4.75,Afternoon,Premium,140,413.54800185803066,1.0,7.0
79,13,Rural,Regular,6,4.63,Afternoon,Economy,38,134.09432585149492,2.0,12.0
26,8,Rural,Gold,65,3.58,Night,Premium,89,378.50396161301137,1.5,97.5
62,7,Urban,Silver,2,4.71,Morning,Premium,28,162.05358553352147,1.5,3.0
42,16,Rural,Gold,33,3.63,Morning,Economy,166,513.1161277813304,1.5,49.5
57,16,Urban,Regular,0,3.95,Afternoon,Economy,97,308.6385554813678,1.5,0.0
33,13,Rural,Gold,34,4.78,Morning,Economy,66,239.08854651007988,2.0,68.0
22,10,Rural,Regular,26,4.97,Morning,Economy,170,562.1650160715976,1.5,39.0
67,44,Urban,Regular,27,4.69,Morning,Economy,129,467.0198948894929,1.5,40.5
62,15,Suburban,Silver,15,4.28,Night,Economy,73,327.43334173812747,1.5,22.5
95,49,Rural,Regular,92,4.27,Night,Premium,99,332.0936161256213,1.5,138.0
61,36,Urban,Silver,72,4.64,Night,Premium,109,457.0853188522962,1.0,72.0
48,12,Rural,Silver,25,4.26,Night,Economy,180,552.8162271192283,1.5,37.5
93,59,Rural,Regular,30,4.11,Afternoon,Premium,89,281.0521288708149,2.0,60.0
59,18,Urban,Gold,67,3.86,Morning,Economy,98,288.3451530321269,2.0,134.0
95,73,Urban,Regular,20,3.59,Evening,Premium,138,666.8242060496077,1.0,20.0
71,33,Suburban,Regular,4,4.88,Evening,Premium,109,436.0192372930386,1.5,6.0
20,7,Suburban,Gold,71,3.83,Morning,Premium,51,248.22030676592635,1.5,106.5
23,7,Urban,Gold,96,3.97,Afternoon,Premium,165,493.2338839519256,1.5,144.0
80,69,Suburban,Silver,94,4.44,Night,Economy,74,291.5110820764234,2.0,188.0
58,10,Urban,Gold,51,4.27,Night,Premium,138,459.0606514814432,1.5,76.5
71,25,Urban,Gold,72,4.46,Evening,Economy,169,603.9358824371426,1.0,72.0
69,26,Rural,Gold,48,4.28,Evening,Premium,175,502.6040622268877,1.0,48.0
89,54,Suburban,Gold,48,4.38,Afternoon,Economy,24,74.78832688768996,2.0,96.0
84,62,Urban,Silver,52,4.61,Afternoon,Economy,29,126.23081147979764,2.0,104.0
98,61,Urban,Silver,91,4.28,Night,Economy,95,319.94237960548924,2.0,182.0
95,25,Urban,Gold,26,3.62,Morning,Economy,81,207.61291922267668,1.5,39.0
79,29,Rural,Silver,29,4.22,Night,Economy,99,304.74417790488224,2.0,58.0
82,10,Urban,Silver,97,4.43,Night,Economy,177,481.7658793191911,1.5,145.5
87,5,Rural,Gold,6,3.76,Evening,Economy,28,83.3353748167845,1.5,9.0
83,35,Rural,Gold,3,4.32,Night,Premium,116,513.6451022177532,1.5,4.5
47,9,Rural,Regular,5,4.81,Night,Premium,178,561.374877548703,2.0,10.0
34,7,Urban,Silver,54,4.71,Night,Premium,149,516.51117285383,1.0,54.0
26,13,Rural,Regular,14,4.19,Morning,Economy,174,666.4286805847338,1.5,21.0
88,7,Rural,Gold,11,3.64,Night,Premium,130,573.2085393656391,2.0,22.0
57,26,Rural,Regular,92,3.8,Evening,Premium,67,283.7979251507492,1.5,138.0
45,17,Rural,Silver,67,4.7,Afternoon,Economy,15,66.78323718712389,1.5,100.5
82,26,Urban,Gold,35,4.71,Morning,Economy,114,289.2390324634591,1.0,35.0
54,39,Rural,Gold,88,4.59,Evening,Economy,42,147.42638660593482,2.0,176.0
95,24,Suburban,Gold,79,3.5,Afternoon,Economy,130,552.2304431046015,1.5,118.5
63,31,Suburban,Silver,2,3.81,Evening,Premium,160,632.5601419476765,1.0,2.0
43,18,Urban,Gold,58,4.22,Evening,Economy,156,494.7452574847764,1.5,87.0
33,14,Suburban,Regular,87,4.81,Evening,Premium,17,118.98653335805044,1.5,130.5
33,23,Urban,Gold,24,4.21,Morning,Premium,11,91.38952597435124,1.5,36.0
84,29,Urban,Regular,92,4.55,Morning,Premium,94,424.1559867017463,2.0,184.0
44,6,Suburban,Gold,80,4.13,Night,Premium,40,157.36483032789283,2.0,160.0
53,27,Suburban,Regular,78,3.63,Night,Premium,58,279.09504825213924,2.0,156.0
78,63,Rural,Gold,14,4.21,Afternoon,Economy,147,655.065105532243,1.5,21.0
